PELABUHAN,SBY-11 ,ABA SPJ,ABS,2EXL,351000
PELABUHAN,SBY-11 ,ABA SPJ,ABS,3EXL,398000
BOGASARI,SBY-16 ,CPI SPJ,CIS,2EXL,356000
BOGASARI,SBY-16 ,CPI SPJ,CIS,3EXL,403000
BOGASARI,SBY-16 ,CPIK,SMK,2EXL,403000
BOGASARI,SBY-16 ,CPIK,SMK,3EXL,454000
BOGASARI,SBY-16 ,CPIK,CIK,2EXL,403000
BOGASARI,SBY-16 ,CPIK,CIK,3EXL,454000
BOGASARI,SBY-16 ,JCI,JCB,2EXL,393000
BOGASARI,SBY-16 ,JCI,JCB,3EXL,444000
BOGASARI,SBY-16 ,JCI,JPB,2EXL,393000
BOGASARI,SBY-16 ,JCI,JPB,3EXL,444000
BOGASARI,SBY-16 ,JCI,JCS,2EXL,393000
BOGASARI,SBY-16 ,JCI,JCS,3EXL,444000
PELABUHAN,SBY-11 ,BY PAS KRIAN,SIK,2EXL,414000
PELABUHAN,SBY-11 ,BY PAS KRIAN,SIK,3EXL,469000
PELABUHAN,SBY-11 ,BYPAS INDOCHEM,SIK,2EXL,414000
PELABUHAN,SBY-11 ,BYPAS INDOCHEM,SIK,3EXL,469000
PELABUHAN,SBY-11 ,CARGIL,BBB,2EXL,494000
PELABUHAN,SBY-11 ,CARGIL,BBB,3EXL,554000
PELABUHAN,SBY-11 ,CARGIL,CGB,2EXL,494000
PELABUHAN,SBY-11 ,CARGIL,CGB,3EXL,554000
PELABUHAN,SBY-11 ,CARGIL PIER,KRI,3EXL,645000
PELABUHAN,SBY-11 ,CARGIL PIER,KRI,2EXL,585000
PELABUHAN,SBY-11 ,CARGIL PIER,CGK,3EXL,645000
PELABUHAN,SBY-11 ,CARGIL PIER,CGK,2EXL,585000
PELABUHAN,SBY-11 ,CARGIL PIER,BJP,3EXL,645000
PELABUHAN,SBY-11 ,CARGIL PIER,BJP,2EXL,585000
PELABUHAN,SBY-11 ,CARGIL SUSANTI,STM,3EXL,229000
PELABUHAN,SBY-11 ,CARGIL SUSANTI,STM,2EXL,204000
PELABUHAN,SBY-11 ,CARGIL SUSANTI,MYG,3EXL,229000
PELABUHAN,SBY-11 ,CARGIL SUSANTI,MYG,2EXL,204000
PELABUHAN,SBY-11 ,CASALAND,NHC,3EXL,474000
PELABUHAN,SBY-11 ,CASALAND,NHC,2EXL,419000
PELABUHAN,SBY-11 ,CASALAND,CSL,3EXL,474000
PELABUHAN,SBY-11 ,CASALAND,CSL,2EXL,419000
CASALAND,SBY-15 ,KRIAN 1,SMK,3EXL,324000
CASALAND,SBY-15 ,KRIAN 1,SMK,2EXL,292000
CASALAND,SBY-15 ,KRIAN 2,SMK,2EXL,147000
CASALAND,SBY-15 ,KRIAN 2,SMK,3EXL,162000
CASALAND,SBY-15 ,KRIAN 1,CIK,3EXL,324000
CASALAND,SBY-15 ,KRIAN 1,CIK,2EXL,292000
CASALAND,SBY-15 ,KRIAN 2,CIK,2EXL,147000
CASALAND,SBY-15 ,KRIAN 2,CIK,3EXL,162000
CASALAND,SBY-15 ,NEW HOPE,NHJ,3EXL,0
CASALAND,SBY-15 ,NEW HOPE,NHJ,2EXL,393000
CASALAND,SBY-15 ,NEW HOPE,NHK,3EXL,0
CASALAND,SBY-15 ,NEW HOPE,NHK,2EXL,393000
PELABUHAN,SBY-11 ,CHILL JEDANG,CJP,2EXL,680000
PELABUHAN,SBY-11 ,CHILL JEDANG,CJP,3EXL,713000
PELABUHAN,SBY-11 ,CJ JOMBANG,CFJ,3EXL,668000
PELABUHAN,SBY-11 ,CJ JOMBANG,CFJ,2EXL,635000
PELABUHAN,SBY-11 ,CJ.PASURUAN,CJP,3EXL,713000
PELABUHAN,SBY-11 ,CJ.PASURUAN,CJP,2EXL,680000
PELABUHAN,SBY-11 ,CPI KRIAN,SMK,2EXL,398000
PELABUHAN,SBY-11 ,CPI KRIAN,SMK,3EXL,449000
PELABUHAN,SBY-11 ,CPI KRIAN,CIK,2EXL,398000
PELABUHAN,SBY-11 ,CPI KRIAN,CIK,3EXL,449000
PELABUHAN,SBY-11 ,CPI SPJ,CIS,3EXL,398000
PELABUHAN,SBY-11 ,CPI SPJ,CIS,2EXL,351000
CPI Krian,SBY-18 ,CPIS RIT 1,CIS,3EXL,324000
CPI Krian,SBY-18 ,CPIS RIT 1,CIS,2EXL,292000
CPI Krian,SBY-18 ,CPIK ANTAR GD,SMK,2EXL,150000
CPI Krian,SBY-18 ,CPIK ANTAR GD,CIK,2EXL,150000
CPI Krian,SBY-18 ,CPIS RIT 1,CIS,3EXL,324000
CPI Krian,SBY-18 ,CPIS RIT 1,CIS,2EXL,292000
CPI Krian,SBY-18 ,CPIS RIT 2,CIS,3EXL,179000
CPI Krian,SBY-18 ,CPIS RIT 2,CIS,2EXL,161000
CPI Krian,SBY-18 ,CPIS RIT 2,CIS,3EXL,179000
CPI Krian,SBY-18 ,CPIS RIT 2,CIS,2EXL,161000
CPI Krian,SBY-18 ,G.COIN,GCM,2EXL,410000
CPI Krian,SBY-18 ,G.COIN,GCM,3EXL,461000
CPI Sepanjang,SBY-19 ,CPIK RIT 2,SMK,2EXL,161000
CPI Sepanjang,SBY-19 ,CPIK RIT 2,SMK,3EXL,179000
CPI Sepanjang,SBY-19 ,CPIK RIT 2,CIK,2EXL,161000
CPI Sepanjang,SBY-19 ,CPIK RIT 2,CIK,3EXL,179000
CPI Sepanjang,SBY-19 ,ROMO,MRM,2EXL,421000
CPI Sepanjang,SBY-19 ,ROMO,MRM,3EXL,468000
CPI Sepanjang,SBY-19 ,ROMO,RMK,2EXL,421000
CPI Sepanjang,SBY-19 ,ROMO,RMK,3EXL,468000
PELABUHAN,SBY-11 ,CPP DUPAK,DPK,3EXL,232000
PELABUHAN,SBY-11 ,CPP DUPAK,DPK,2EXL,207000
PELABUHAN,SBY-11 ,CPP DUPAK,CPD,3EXL,232000
PELABUHAN,SBY-11 ,CPP DUPAK,CPD,2EXL,207000
PELABUHAN,SBY-11 ,CPP SPJ,CPS,2EXL,351000
PELABUHAN,SBY-11 ,CPP SPJ,CPS,3EXL,398000
PELABUHAN,SBY-11 ,EAST HOPE NGORO,WNM,2EXL,498000
PELABUHAN,SBY-11 ,EAST HOPE NGORO,WNM,3EXL,558000
PELABUHAN,SBY-11 ,EAST HOPE NGORO,EHN,2EXL,498000
PELABUHAN,SBY-11 ,EAST HOPE NGORO,EHN,3EXL,558000
PELABUHAN,SBY-11 ,FUGUI,FUG,2EXL,383000
PELABUHAN,SBY-11 ,FUGUI,FUG,3EXL,435000
PELABUHAN,SBY-11 ,FUGUI,FKG,2EXL,383000
PELABUHAN,SBY-11 ,FUGUI,FKG,3EXL,435000
PELABUHAN,SBY-11 ,GEDANGAN,BAG,2EXL,334000
PELABUHAN,SBY-11 ,GEDANGAN,BAG,3EXL,380000
PELABUHAN,SBY-11 ,GEDANGAN,JCG,2EXL,334000
PELABUHAN,SBY-11 ,GEDANGAN,JCG,3EXL,380000
PELABUHAN,SBY-11 ,GEDANGAN,CFK,2EXL,334000
PELABUHAN,SBY-11 ,GEDANGAN,CFK,3EXL,380000
PELABUHAN,SBY-11 ,GEDANGAN,PPG,2EXL,334000
PELABUHAN,SBY-11 ,GEDANGAN,PPG,3EXL,380000
PELABUHAN,SBY-11 ,GEMPOL,HIG,2EXL,494000
PELABUHAN,SBY-11 ,GEMPOL,HIG,3EXL,554000
PELABUHAN,SBY-11 ,GEMPOL,MSG,2EXL,494000
PELABUHAN,SBY-11 ,GEMPOL,MSG,3EXL,554000
PELABUHAN,SBY-11 ,GOLD COIN,GCM,2EXL,216000
PELABUHAN,SBY-11 ,GOLD COIN,GCM,3EXL,241000
PELABUHAN,SBY-11 ,GRESIK,STM,3EXL,44000
PELABUHAN,SBY-11 ,GRESIK,STM,2EXL,388000
PELABUHAN,SBY-11 ,GRESIK,MYG,3EXL,44000
PELABUHAN,SBY-11 ,GRESIK,MYG,2EXL,388000
PELABUHAN,SBY-11 ,INDOCMENT,SPT,3EXL,474000
PELABUHAN,SBY-11 ,INDOCMENT,SPT,2EXL,419000
JAMRUD,SBY-10 ,CASALAND,NHC,3EXL,469000
JAMRUD,SBY-10 ,CASALAND,NHC,2EXL,414000
JAMRUD,SBY-10 ,CASALAND,CSL,3EXL,469000
JAMRUD,SBY-10 ,CASALAND,CSL,2EXL,414000
JAMRUD,SBY-10 ,CJ.JOMBANG,CFJ,3EXL,663000
JAMRUD,SBY-10 ,CJ.JOMBANG,CFJ,2EXL,630000
JAMRUD,SBY-10 ,GEDANGAN,BAG,2EXL,329000
JAMRUD,SBY-10 ,GEDANGAN,BAG,3EXL,375000
JAMRUD,SBY-10 ,GEDANGAN,JCG,2EXL,329000
JAMRUD,SBY-10 ,GEDANGAN,JCG,3EXL,375000
JAMRUD,SBY-10 ,GEDANGAN,CFK,2EXL,329000
JAMRUD,SBY-10 ,GEDANGAN,CFK,3EXL,375000
JAMRUD,SBY-10 ,GEDANGAN,PPG,2EXL,329000
JAMRUD,SBY-10 ,GEDANGAN,PPG,3EXL,375000
JAMRUD,SBY-10 ,GENTARI,DSG,3EXL,393000
JAMRUD,SBY-10 ,GENTARI,DSG,2EXL,346000
JAMRUD,SBY-10 ,INDOCMENT,SPT,2EXL,414000
JAMRUD,SBY-10 ,INDOCMENT,SPT,3EXL,469000
JAMRUD,SBY-10 ,JCI,JCB,3EXL,444000
JAMRUD,SBY-10 ,JCI,JCB,2EXL,393000
JAMRUD,SBY-10 ,JCI,JPB,3EXL,444000
JAMRUD,SBY-10 ,JCI,JPB,2EXL,393000
JAMRUD,SBY-10 ,JCI,JCS,3EXL,444000
JAMRUD,SBY-10 ,JCI,JCS,2EXL,393000
JAMRUD,SBY-10 ,KALIMAS,KMS,3EXL,90000
JAMRUD,SBY-10 ,KALIMAS,KMS,2EXL,83000
JAMRUD,SBY-10 ,KIG,KGG,3EXL,685000
JAMRUD,SBY-10 ,KIG,KGG,2EXL,625000
JAMRUD,SBY-10 ,KIG,KGG,3EXL,685000
JAMRUD,SBY-10 ,KRIAN,SMK,OPEN TOP,499000
JAMRUD,SBY-10 ,KRIAN,SMK,2EXL,398000
JAMRUD,SBY-10 ,KRIAN,SMK,3EXL,449000
JAMRUD,SBY-10 ,KRIAN,CIK,OPEN TOP,499000
JAMRUD,SBY-10 ,KRIAN,CIK,2EXL,398000
JAMRUD,SBY-10 ,KRIAN,CIK,3EXL,449000
JAMRUD,SBY-10 ,MALINDO,MAL,3EXL,489000
JAMRUD,SBY-10 ,MALINDO,MAL,2EXL,434000
JAMRUD,SBY-10 ,MALINDO,MWA,3EXL,489000
JAMRUD,SBY-10 ,MALINDO,MWA,2EXL,434000
JAMRUD,SBY-10 ,MALINDO,MLD,3EXL,489000
JAMRUD,SBY-10 ,MALINDO,MLD,2EXL,434000
JAMRUD,SBY-10 ,MALINDO,MLG,3EXL,489000
JAMRUD,SBY-10 ,MALINDO,MLG,2EXL,434000
JAMRUD,SBY-10 ,MMULYO,JCM,LD,184000
JAMRUD,SBY-10 ,MMULYO,JCM,2EXL,196000
JAMRUD,SBY-10 ,MMULYO,JCM,3EXL,221000
JAMRUD,SBY-10 ,MMULYO,MGP,LD,184000
JAMRUD,SBY-10 ,MMULYO,MGP,2EXL,196000
JAMRUD,SBY-10 ,MMULYO,MGP,3EXL,221000
JAMRUD,SBY-10 ,MMULYO,BTG,LD,184000
JAMRUD,SBY-10 ,MMULYO,BTG,2EXL,196000
JAMRUD,SBY-10 ,MMULYO,BTG,3EXL,221000
JAMRUD,SBY-10 ,MMULYO,CPM,LD,184000
JAMRUD,SBY-10 ,MMULYO,CPM,2EXL,196000
JAMRUD,SBY-10 ,MMULYO,CPM,3EXL,221000
JAMRUD,SBY-10 ,MOJOSARI,NHM,2EXL,493000
JAMRUD,SBY-10 ,MOJOSARI,NHM,3EXL,553000
JAMRUD,SBY-10 ,MOJOSARI,PFN,2EXL,493000
JAMRUD,SBY-10 ,MOJOSARI,PFN,3EXL,553000
JAMRUD,SBY-10 ,MPJS,MPJ,3EXL,878000
JAMRUD,SBY-10 ,MPJS,MPJ,2EXL,845000
JAMRUD,SBY-10 ,MURTI,MJA,3EXL,375000
JAMRUD,SBY-10 ,MURTI,MJA,2EXL,329000
JAMRUD,SBY-10 ,MURTI,MUR,3EXL,375000
JAMRUD,SBY-10 ,MURTI,MUR,2EXL,329000
JAMRUD,SBY-10 ,MURTI,MJA,3EXL,375000
JAMRUD,SBY-10 ,MURTI,MJA,2EXL,329000
JAMRUD,SBY-10 ,NEWHOPE,NHJ,2EXL,346000
JAMRUD,SBY-10 ,NEWHOPE,NHJ,3EXL,393000
JAMRUD,SBY-10 ,NEWHOPE,NHK,2EXL,346000
JAMRUD,SBY-10 ,NEWHOPE,NHK,3EXL,393000
JAMRUD,SBY-10 ,PUNGGING,DMP,3EXL,554000
JAMRUD,SBY-10 ,PUNGGING,DMP,2EXL,494000
JAMRUD,SBY-10 ,PUNGGING,DMP,OPEN TOP,604000
JAMRUD,SBY-10 ,ROMO,MRM,2EXL,336000
JAMRUD,SBY-10 ,ROMO,MRM,3EXL,382000
JAMRUD,SBY-10 ,ROMO,MRM,OPEN TOP,425000
JAMRUD,SBY-10 ,ROMO,RMK,2EXL,336000
JAMRUD,SBY-10 ,ROMO,RMK,3EXL,382000
JAMRUD,SBY-10 ,ROMO,RMK,OPEN TOP,425000
JAMRUD,SBY-10 ,SEGER,SEG,3EXL,489000
JAMRUD,SBY-10 ,SEGER,SEG,2EXL,434000
JAMRUD,SBY-10 ,SEGER,SGR,3EXL,489000
JAMRUD,SBY-10 ,SEGER,SGR,2EXL,434000
JAMRUD,SBY-10 ,SIANTAR,STT,2EXL,377000
JAMRUD,SBY-10 ,SIANTAR,STT,3EXL,424000
JAMRUD,SBY-10 ,SIANTAR,STA,2EXL,377000
JAMRUD,SBY-10 ,SIANTAR,STA,3EXL,424000
JAMRUD,SBY-10 ,SIERAD,SRW,2EXL,414000
JAMRUD,SBY-10 ,SIERAD,SRW,3EXL,469000
JAMRUD,SBY-10 ,SIERAD,SID,2EXL,414000
JAMRUD,SBY-10 ,SIERAD,SID,3EXL,469000
JAMRUD,SBY-10 ,SIERAD,SYS,2EXL,414000
JAMRUD,SBY-10 ,SIERAD,SYS,3EXL,469000
JAMRUD,SBY-10 ,SPC,SPT,2EXL,393000
JAMRUD,SBY-10 ,SPC,SPT,OPEN TOP,494000
JAMRUD,SBY-10 ,SPC,SPT,3EXL,444000
JAMRUD,SBY-10 ,SPJ,CIS,OPEN TOP,396000
JAMRUD,SBY-10 ,SPJ,CIS,3EXL,393000
JAMRUD,SBY-10 ,SPJ,CIS,2EXL,346000
JAMRUD,SBY-10 ,SUI,SUK,3EXL,444000
JAMRUD,SBY-10 ,SUI,SUK,2EXL,393000
JAMRUD,SBY-10 ,SUI,SUI,3EXL,444000
JAMRUD,SBY-10 ,SUI,SUI,2EXL,393000
JAMRUD,SBY-10 ,TB.LANGON 28,TBL,2EXL,196000
JAMRUD,SBY-10 ,TB.LANGON 28,TBL,3EXL,221000
JAMRUD,SBY-10 ,TJ.BATU,TGB,3EXL,127000
JAMRUD,SBY-10 ,TJ.BATU,TGB,2EXL,112000
JAMRUD,SBY-10 ,WONOKOYO,WKG,3EXL,549000
JAMRUD,SBY-10 ,WONOKOYO,WKG,2EXL,489000
JAMRUD,SBY-10 ,WONOKOYO,IKS,3EXL,549000
JAMRUD,SBY-10 ,WONOKOYO,IKS,2EXL,489000
JAMRUD,SBY-10 ,WONOKOYO,WKY,3EXL,549000
JAMRUD,SBY-10 ,WONOKOYO,WKY,2EXL,489000
PELABUHAN,SBY-11 ,JCI GEDANGAN,BAG,2EXL,398000
PELABUHAN,SBY-11 ,JCI GEDANGAN,BAG,3EXL,449000
PELABUHAN,SBY-11 ,JCI GEDANGAN,JCG,2EXL,398000
PELABUHAN,SBY-11 ,JCI GEDANGAN,JCG,3EXL,449000
PELABUHAN,SBY-11 ,JCI GEDANGAN,CFK,2EXL,398000
PELABUHAN,SBY-11 ,JCI GEDANGAN,CFK,3EXL,449000
PELABUHAN,SBY-11 ,JCI GEDANGAN,PPG,2EXL,398000
PELABUHAN,SBY-11 ,JCI GEDANGAN,PPG,3EXL,449000
PELABUHAN,SBY-11 ,JCI M MULYO,JCM,3EXL,225000
PELABUHAN,SBY-11 ,JCI M MULYO,JCM,2EXL,200000
PELABUHAN,SBY-11 ,JCI M MULYO,MGP,3EXL,225000
PELABUHAN,SBY-11 ,JCI M MULYO,MGP,2EXL,200000
PELABUHAN,SBY-11 ,JCI M MULYO,BTG,3EXL,225000
PELABUHAN,SBY-11 ,JCI M MULYO,BTG,2EXL,200000
PELABUHAN,SBY-11 ,JCI M MULYO,CPM,3EXL,225000
PELABUHAN,SBY-11 ,JCI M MULYO,CPM,2EXL,200000
PELABUHAN,SBY-11 ,JCI SDA,JCB,3EXL,449000
PELABUHAN,SBY-11 ,JCI SDA,JCB,2EXL,398000
PELABUHAN,SBY-11 ,JCI SDA,JPB,3EXL,449000
PELABUHAN,SBY-11 ,JCI SDA,JPB,2EXL,398000
PELABUHAN,SBY-11 ,JCI SDA,JCS,3EXL,449000
PELABUHAN,SBY-11 ,JCI SDA,JCS,2EXL,398000
PELABUHAN,SBY-11 ,JOMBANG (PERAK),CFJ,2EXL,850000
PELABUHAN,SBY-11 ,JOMBANG (PERAK),CFJ,3EXL,883000
PELABUHAN,SBY-11 ,KALIANAK,KAL,2EXL,183000
PELABUHAN,SBY-11 ,KALIANAK,KAL,3EXL,208000
KALIMAS,SBY-13 ,ROMO,MRM,2EXL,329000
KALIMAS,SBY-13 ,ROMO,MRM,3EXL,375000
KALIMAS,SBY-13 ,ROMO,RMK,2EXL,329000
KALIMAS,SBY-13 ,ROMO,RMK,3EXL,375000
PELABUHAN,SBY-11 ,KALIMIRING MANYAR,STM,3EXL,255000
PELABUHAN,SBY-11 ,KALIMIRING MANYAR,STM,2EXL,230000
PELABUHAN,SBY-11 ,KALIMIRING MANYAR,MYG,3EXL,255000
PELABUHAN,SBY-11 ,KALIMIRING MANYAR,MYG,2EXL,230000
KIAS,SBY-33 ,FUGUI,FUG,2EXL,83000
KIAS,SBY-33 ,FUGUI,FUG,3EXL,90000
KIAS,SBY-33 ,FUGUI,FKG,2EXL,83000
KIAS,SBY-33 ,FUGUI,FKG,3EXL,90000
PELABUHAN,SBY-11 ,KIG MANYAR,KGG,2EXL,399000
PELABUHAN,SBY-11 ,KIG MANYAR,KGG,3EXL,451000
PELABUHAN,SBY-11 ,KLETEK,NHJ,2EXL,356000
PELABUHAN,SBY-11 ,KLETEK,NHJ,3EXL,403000
PELABUHAN,SBY-11 ,KLETEK,NHK,2EXL,356000
PELABUHAN,SBY-11 ,KLETEK,NHK,3EXL,403000
PELABUHAN,SBY-11 ,M MULYO,JCM,2EXL,199000
PELABUHAN,SBY-11 ,M MULYO,JCM,3EXL,224000
PELABUHAN,SBY-11 ,M MULYO,MGP,2EXL,199000
PELABUHAN,SBY-11 ,M MULYO,MGP,3EXL,224000
PELABUHAN,SBY-11 ,M MULYO,BTG,2EXL,199000
PELABUHAN,SBY-11 ,M MULYO,BTG,3EXL,224000
PELABUHAN,SBY-11 ,M MULYO,CPM,2EXL,199000
PELABUHAN,SBY-11 ,M MULYO,CPM,3EXL,224000
PELABUHAN,SBY-11 ,MALINDO,MAL,3EXL,489000
PELABUHAN,SBY-11 ,MALINDO,MAL,2EXL,434000
PELABUHAN,SBY-11 ,MALINDO,MWA,3EXL,489000
PELABUHAN,SBY-11 ,MALINDO,MWA,2EXL,434000
PELABUHAN,SBY-11 ,MALINDO,MLD,3EXL,489000
PELABUHAN,SBY-11 ,MALINDO,MLD,2EXL,434000
PELABUHAN,SBY-11 ,MALINDO,MLG,3EXL,489000
PELABUHAN,SBY-11 ,MALINDO,MLG,2EXL,434000
PELABUHAN,SBY-11 ,MANYAR,STM,2EXL,399000
PELABUHAN,SBY-11 ,MANYAR,STM,3EXL,451000
PELABUHAN,SBY-11 ,MASPION MANYAR,STM,3EXL,205000
PELABUHAN,SBY-11 ,MASPION MANYAR,STM,2EXL,180000
PELABUHAN,SBY-11 ,MANYAR,MYG,2EXL,399000
PELABUHAN,SBY-11 ,MANYAR,MYG,3EXL,451000
PELABUHAN,SBY-11 ,MASPION MANYAR,MYG,3EXL,205000
PELABUHAN,SBY-11 ,MASPION MANYAR,MYG,2EXL,180000
Margomulyo,SBY-03 ,CARGIL,BBB,3EXL,554000
Margomulyo,SBY-03 ,CARGIL,BBB,2EXL,494000
Margomulyo,SBY-03 ,CARGIL,CGB,3EXL,554000
Margomulyo,SBY-03 ,CARGIL,CGB,2EXL,494000
Margomulyo,SBY-03 ,CARGIL PIER,KRI,3EXL,645000
Margomulyo,SBY-03 ,CARGIL PIER,KRI,2EXL,585000
Margomulyo,SBY-03 ,CARGIL PIER,CGK,3EXL,645000
Margomulyo,SBY-03 ,CARGIL PIER,CGK,2EXL,585000
Margomulyo,SBY-03 ,CARGIL PIER,BJP,3EXL,645000
Margomulyo,SBY-03 ,CARGIL PIER,BJP,2EXL,585000
Margomulyo,SBY-03 ,CPPS,CPS,3EXL,398000
Margomulyo,SBY-03 ,CPPS,CPS,2EXL,351000
Margomulyo,SBY-03 ,DUPAK,DPK,3EXL,224000
Margomulyo,SBY-03 ,DUPAK,DPK,2EXL,199000
Margomulyo,SBY-03 ,DUPAK,CPD,3EXL,224000
Margomulyo,SBY-03 ,DUPAK,CPD,2EXL,199000
Margomulyo,SBY-03 ,EAST NGORO,WNM,2EXL,498000
Margomulyo,SBY-03 ,EAST NGORO,WNM,3EXL,558000
Margomulyo,SBY-03 ,EAST NGORO,EHN,2EXL,498000
Margomulyo,SBY-03 ,EAST NGORO,EHN,3EXL,558000
Margomulyo,SBY-03 ,GEDANGAN,BAG,3EXL,380000
Margomulyo,SBY-03 ,GEDANGAN,BAG,2EXL,334000
Margomulyo,SBY-03 ,GEDANGAN,JCG,3EXL,380000
Margomulyo,SBY-03 ,GEDANGAN,JCG,2EXL,334000
Margomulyo,SBY-03 ,GEDANGAN,CFK,3EXL,380000
Margomulyo,SBY-03 ,GEDANGAN,CFK,2EXL,334000
Margomulyo,SBY-03 ,GEDANGAN,PPG,3EXL,380000
Margomulyo,SBY-03 ,GEDANGAN,PPG,2EXL,334000
Margomulyo,SBY-03 ,GEMPOL,HIG,2EXL,494000
Margomulyo,SBY-03 ,GEMPOL,HIG,3EXL,554000
Margomulyo,SBY-03 ,GEMPOL,MSG,2EXL,494000
Margomulyo,SBY-03 ,GEMPOL,MSG,3EXL,554000
Margomulyo,SBY-03 ,INDOCMENT,SPT,3EXL,474000
Margomulyo,SBY-03 ,INDOCMENT,SPT,2EXL,419000
Margomulyo,SBY-03 ,JAMRUD,JMD,2EXL,199000
Margomulyo,SBY-03 ,JAMRUD,JMD,3EXL,224000
Margomulyo,SBY-03 ,JAMRUD,GTT,2EXL,199000
Margomulyo,SBY-03 ,JAMRUD,GTT,3EXL,224000
Margomulyo,SBY-03 ,JAMRUD,PBP,2EXL,199000
Margomulyo,SBY-03 ,JAMRUD,PBP,3EXL,224000
Margomulyo,SBY-03 ,JCI SDA,JCB,3EXL,449000
Margomulyo,SBY-03 ,JCI SDA,JCB,2EXL,398000
Margomulyo,SBY-03 ,JCI SDA,JPB,3EXL,449000
Margomulyo,SBY-03 ,JCI SDA,JPB,2EXL,398000
Margomulyo,SBY-03 ,JCI SDA,JCS,3EXL,449000
Margomulyo,SBY-03 ,JCI SDA,JCS,2EXL,398000
Margomulyo,SBY-03 ,JMBG (PERAK),CFJ,3EXL,883000
Margomulyo,SBY-03 ,JMBG (PERAK),CFJ,2EXL,850000
Margomulyo,SBY-03 ,KRIAN,SMK,3EXL,449000
Margomulyo,SBY-03 ,KRIAN,SMK,2EXL,398000
Margomulyo,SBY-03 ,KRIAN,CIK,3EXL,449000
Margomulyo,SBY-03 ,KRIAN,CIK,2EXL,398000
Margomulyo,SBY-03 ,MALINDO,MAL,3EXL,494000
Margomulyo,SBY-03 ,MALINDO,MAL,2EXL,439000
Margomulyo,SBY-03 ,MALINDO,MWA,3EXL,494000
Margomulyo,SBY-03 ,MALINDO,MWA,2EXL,439000
Margomulyo,SBY-03 ,MALINDO,MLD,3EXL,494000
Margomulyo,SBY-03 ,MALINDO,MLD,2EXL,439000
Margomulyo,SBY-03 ,MALINDO,MLG,3EXL,494000
Margomulyo,SBY-03 ,MALINDO,MLG,2EXL,439000
Margomulyo,SBY-03 ,MMULYO,JCM,3EXL,378000
Margomulyo,SBY-03 ,MMULYO,JCM,2EXL,180000
Margomulyo,SBY-03 ,MMULYO,MGP,3EXL,378000
Margomulyo,SBY-03 ,MMULYO,MGP,2EXL,180000
Margomulyo,SBY-03 ,MMULYO,BTG,3EXL,378000
Margomulyo,SBY-03 ,MMULYO,BTG,2EXL,180000
Margomulyo,SBY-03 ,MMULYO,CPM,3EXL,378000
Margomulyo,SBY-03 ,MMULYO,CPM,2EXL,180000
Margomulyo,SBY-03 ,NEW HOPE,NHJ,3EXL,393000
Margomulyo,SBY-03 ,NEW HOPE,NHJ,2EXL,346000
Margomulyo,SBY-03 ,NEW HOPE,NHK,3EXL,393000
Margomulyo,SBY-03 ,NEW HOPE,NHK,2EXL,346000
Margomulyo,SBY-03 ,NGORO,WNM,2EXL,493000
Margomulyo,SBY-03 ,NGORO,WNM,3EXL,553000
Margomulyo,SBY-03 ,NGORO,EHN,2EXL,493000
Margomulyo,SBY-03 ,NGORO,EHN,3EXL,553000
Margomulyo,SBY-03 ,PAKINDO,PKJ,2EXL,346000
Margomulyo,SBY-03 ,PAKINDO,PKJ,3EXL,393000
Margomulyo,SBY-03 ,PAKINDO,PKD,2EXL,346000
Margomulyo,SBY-03 ,PAKINDO,PKD,3EXL,393000
Margomulyo,SBY-03 ,PANDAAN,PPD,2EXL,489000
Margomulyo,SBY-03 ,PANDAAN,PPD,3EXL,549000
Margomulyo,SBY-03 ,PIER,KRI,3EXL,640000
Margomulyo,SBY-03 ,PIER,KRI,2EXL,580000
Margomulyo,SBY-03 ,PIER,CGK,3EXL,640000
Margomulyo,SBY-03 ,PIER,CGK,2EXL,580000
Margomulyo,SBY-03 ,PIER,BJP,3EXL,640000
Margomulyo,SBY-03 ,PIER,BJP,2EXL,580000
Margomulyo,SBY-03 ,PUNGGING,DMP,2EXL,494000
Margomulyo,SBY-03 ,PUNGGING,DMP,3EXL,554000
Margomulyo,SBY-03 ,SAMSUNG PAS.,CFJ,3EXL,708000
Margomulyo,SBY-03 ,SAMSUNG PAS.,CFJ,2EXL,675000
Margomulyo,SBY-03 ,SEGER,SEG,3EXL,489000
Margomulyo,SBY-03 ,SEGER,SEG,2EXL,434000
Margomulyo,SBY-03 ,SEGER,SGR,3EXL,489000
Margomulyo,SBY-03 ,SEGER,SGR,2EXL,434000
Margomulyo,SBY-03 ,SIERAD,SRW,2EXL,414000
Margomulyo,SBY-03 ,SIERAD,SRW,3EXL,469000
Margomulyo,SBY-03 ,SIERAD,SID,2EXL,414000
Margomulyo,SBY-03 ,SIERAD,SID,3EXL,469000
Margomulyo,SBY-03 ,SIERAD,SYS,2EXL,414000
Margomulyo,SBY-03 ,SIERAD,SYS,3EXL,469000
Margomulyo,SBY-03 ,TB,TGB,2EXL,196000
Margomulyo,SBY-03 ,TB,TGB,3EXL,221000
Margomulyo,SBY-03 ,TB LANGON,TBL,3EXL,205000
Margomulyo,SBY-03 ,TB LANGON,TBL,2EXL,180000
Margomulyo,SBY-03 ,W.KOYO,WKG,3EXL,549000
Margomulyo,SBY-03 ,W.KOYO,WKG,2EXL,489000
Margomulyo,SBY-03 ,W.KOYO,IKS,3EXL,549000
Margomulyo,SBY-03 ,W.KOYO,IKS,2EXL,489000
Margomulyo,SBY-03 ,W.KOYO,WKY,3EXL,549000
Margomulyo,SBY-03 ,W.KOYO,WKY,2EXL,489000
Margomulyo,SBY-03 ,WIRIFA,WNM,2EXL,346000
Margomulyo,SBY-03 ,WIRIFA,WNM,3EXL,393000
Margomulyo,SBY-03 ,WIRIFA,EHN,2EXL,346000
Margomulyo,SBY-03 ,WIRIFA,EHN,3EXL,393000
PELABUHAN,SBY-11 ,MOJOSARI,NHM,2EXL,498000
PELABUHAN,SBY-11 ,MOJOSARI,NHM,3EXL,558000
PELABUHAN,SBY-11 ,MOJOSARI,NHM,OPEN TOP,608000
PELABUHAN,SBY-11 ,MOJOSARI,PFN,2EXL,498000
PELABUHAN,SBY-11 ,MOJOSARI,PFN,3EXL,558000
PELABUHAN,SBY-11 ,MOJOSARI,PFN,OPEN TOP,608000
PELABUHAN,SBY-11 ,MURTI GRESIK,MJA,2EXL,334000
PELABUHAN,SBY-11 ,MURTI GRESIK,MJA,3EXL,380000
PELABUHAN,SBY-11 ,MURTI GRESIK,MUR,2EXL,334000
PELABUHAN,SBY-11 ,MURTI GRESIK,MUR,3EXL,380000
PELABUHAN,SBY-11 ,NEW HOPE,NHJ,2EXL,351000
PELABUHAN,SBY-11 ,NEW HOPE,NHJ,3EXL,398000
PELABUHAN,SBY-11 ,NEW HOPE,NHK,2EXL,351000
PELABUHAN,SBY-11 ,NEW HOPE,NHK,3EXL,398000
NEW HOPE,SBY-34 ,MMULYO,JCM,2EXL,351000
NEW HOPE,SBY-34 ,MMULYO,JCM,3EXL,398000
NEW HOPE,SBY-34 ,MMULYO,MGP,2EXL,351000
NEW HOPE,SBY-34 ,MMULYO,MGP,3EXL,398000
NEW HOPE,SBY-34 ,MMULYO,BTG,2EXL,351000
NEW HOPE,SBY-34 ,MMULYO,BTG,3EXL,398000
NEW HOPE,SBY-34 ,MMULYO,CPM,2EXL,351000
NEW HOPE,SBY-34 ,MMULYO,CPM,3EXL,398000
Pelabuhan Gresik,SBY-12 ,CPIK,SMK,2EXL,669000
Pelabuhan Gresik,SBY-12 ,CPIK,SMK,3EXL,724000
Pelabuhan Gresik,SBY-12 ,CPIK,CIK,2EXL,669000
Pelabuhan Gresik,SBY-12 ,CPIK,CIK,3EXL,724000
PELABUHAN,SBY-11 ,PANDAAN,PPD,2EXL,494000
PELABUHAN,SBY-11 ,PANDAAN,PPD,3EXL,554000
PELABUHAN,SBY-11 ,PASURUAN,CJP,3EXL,554000
PELABUHAN,SBY-11 ,PASURUAN,CJP,2EXL,494000
Pelabuhan Gresik,SBY-12 ,PEL.GRESIK-ROMO,MRM,2EXL,230000
Pelabuhan Gresik,SBY-12 ,PEL.GRESIK-ROMO,MRM,3EXL,258000
Pelabuhan Gresik,SBY-12 ,PEL.GRESIK-ROMO,RMK,2EXL,230000
Pelabuhan Gresik,SBY-12 ,PEL.GRESIK-ROMO,RMK,3EXL,258000
PELABUHAN,SBY-11 ,PIER KRATON,KRI,2EXL,585000
PELABUHAN,SBY-11 ,PIER KRATON,KRI,3EXL,645000
PELABUHAN,SBY-11 ,PIER KRATON,CGK,2EXL,585000
PELABUHAN,SBY-11 ,PIER KRATON,CGK,3EXL,645000
PELABUHAN,SBY-11 ,PIER KRATON,BJP,2EXL,585000
PELABUHAN,SBY-11 ,PIER KRATON,BJP,3EXL,645000
PELABUHAN,SBY-11 ,PP GEDANGAN,BAG,3EXL,380000
PELABUHAN,SBY-11 ,PP GEDANGAN,BAG,2EXL,334000
PELABUHAN,SBY-11 ,PP GEDANGAN,JCG,3EXL,380000
PELABUHAN,SBY-11 ,PP GEDANGAN,JCG,2EXL,334000
PELABUHAN,SBY-11 ,PP GEDANGAN,CFK,3EXL,380000
PELABUHAN,SBY-11 ,PP GEDANGAN,CFK,2EXL,334000
PELABUHAN,SBY-11 ,PP GEDANGAN,PPG,3EXL,380000
PELABUHAN,SBY-11 ,PP GEDANGAN,PPG,2EXL,334000
PELABUHAN,SBY-11 ,PP GEMPOL,HIG,3EXL,554000
PELABUHAN,SBY-11 ,PP GEMPOL,HIG,2EXL,494000
PELABUHAN,SBY-11 ,PP GEMPOL,MSG,3EXL,554000
PELABUHAN,SBY-11 ,PP GEMPOL,MSG,2EXL,494000
PELABUHAN,SBY-11 ,PUNGGING,DMP,2EXL,449000
PELABUHAN,SBY-11 ,PUNGGING,DMP,3EXL,559000
PELABUHAN,SBY-11 ,ROMO K,MRM,2EXL,336000
PELABUHAN,SBY-11 ,ROMO K,MRM,OPEN TOP,432000
PELABUHAN,SBY-11 ,ROMO K,MRM,3EXL,382000
PELABUHAN,SBY-11 ,ROMO K,RMK,2EXL,336000
PELABUHAN,SBY-11 ,ROMO K,RMK,OPEN TOP,432000
PELABUHAN,SBY-11 ,ROMO K,RMK,3EXL,382000
Romokalisari,SBY-02 ,C.SORINI,CLS,3EXL,708000
Romokalisari,SBY-02 ,C.SORINI,CLS,2EXL,658000
Romokalisari,SBY-02 ,C.SORINI,CLS,OPEN TOP,758000
Romokalisari,SBY-02 ,CARGIL,BBB,2EXL,569000
Romokalisari,SBY-02 ,CARGIL,BBB,3EXL,629000
Romokalisari,SBY-02 ,CARGIL,CGB,2EXL,569000
Romokalisari,SBY-02 ,CARGIL,CGB,3EXL,629000
Romokalisari,SBY-02 ,CASALAND,NHC,3EXL,549000
Romokalisari,SBY-02 ,CASALAND,NHC,2EXL,494000
Romokalisari,SBY-02 ,CASALAND,CSL,3EXL,549000
Romokalisari,SBY-02 ,CASALAND,CSL,2EXL,494000
Romokalisari,SBY-02 ,CJ. PASURUAN,CJP,2EXL,755000
Romokalisari,SBY-02 ,CJ. PASURUAN,CJP,3EXL,488000
Romokalisari,SBY-02 ,CJ. JOMBANG,CFJ,2EXL,710000
Romokalisari,SBY-02 ,CJ. JOMBANG,CFJ,3EXL,743000
Romokalisari,SBY-02 ,CPI SPJ,CIS,2EXL,426000
Romokalisari,SBY-02 ,CPI SPJ,CIS,3EXL,473000
Romokalisari,SBY-02 ,CPPS,CPS,2EXL,426000
Romokalisari,SBY-02 ,CPPS,CPS,3EXL,473000
Romokalisari,SBY-02 ,DUPAK,DPK,2EXL,284000
Romokalisari,SBY-02 ,DUPAK,DPK,3EXL,309000
Romokalisari,SBY-02 ,DUPAK,CPD,2EXL,284000
Romokalisari,SBY-02 ,DUPAK,CPD,3EXL,309000
Romokalisari,SBY-02 ,EAST HOPE,WNM,3EXL,633000
Romokalisari,SBY-02 ,EAST HOPE,WNM,2EXL,573000
Romokalisari,SBY-02 ,EAST HOPE,EHN,3EXL,633000
Romokalisari,SBY-02 ,EAST HOPE,EHN,2EXL,573000
Romokalisari,SBY-02 ,G.COIN,GCM,3EXL,296000
Romokalisari,SBY-02 ,G.COIN,GCM,2EXL,271000
Romokalisari,SBY-02 ,GEDANGAN,BAG,2EXL,409000
Romokalisari,SBY-02 ,GEDANGAN,BAG,3EXL,455000
Romokalisari,SBY-02 ,GEDANGAN,JCG,2EXL,409000
Romokalisari,SBY-02 ,GEDANGAN,JCG,3EXL,455000
Romokalisari,SBY-02 ,GEDANGAN,CFK,2EXL,409000
Romokalisari,SBY-02 ,GEDANGAN,CFK,3EXL,455000
Romokalisari,SBY-02 ,GEDANGAN,PPG,2EXL,409000
Romokalisari,SBY-02 ,GEDANGAN,PPG,3EXL,455000
Romokalisari,SBY-02 ,GEMPOL,HIG,3EXL,629000
Romokalisari,SBY-02 ,GEMPOL,HIG,2EXL,569000
Romokalisari,SBY-02 ,GEMPOL,MSG,3EXL,629000
Romokalisari,SBY-02 ,GEMPOL,MSG,2EXL,569000
Romokalisari,SBY-02 ,INDOCEMENT,SPT,3EXL,549000
Romokalisari,SBY-02 ,INDOCEMENT,SPT,2EXL,494000
Romokalisari,SBY-02 ,JAMRUD,JMD,2EXL,336000
Romokalisari,SBY-02 ,JAMRUD,JMD,3EXL,382000
Romokalisari,SBY-02 ,JAMRUD,JMD,OPEN TOP,432000
Romokalisari,SBY-02 ,JAMRUD,GTT,2EXL,336000
Romokalisari,SBY-02 ,JAMRUD,GTT,3EXL,382000
Romokalisari,SBY-02 ,JAMRUD,GTT,OPEN TOP,432000
Romokalisari,SBY-02 ,JAMRUD,PBP,2EXL,336000
Romokalisari,SBY-02 ,JAMRUD,PBP,3EXL,382000
Romokalisari,SBY-02 ,JAMRUD,PBP,OPEN TOP,432000
Romokalisari,SBY-02 ,JCI,JCB,3EXL,524000
Romokalisari,SBY-02 ,JCI,JCB,2EXL,473000
Romokalisari,SBY-02 ,JCI,JPB,3EXL,524000
Romokalisari,SBY-02 ,JCI,JPB,2EXL,473000
Romokalisari,SBY-02 ,JCI,JCS,3EXL,524000
Romokalisari,SBY-02 ,JCI,JCS,2EXL,473000
Romokalisari,SBY-02 ,JMBG (PERAK),CFJ,2EXL,925000
Romokalisari,SBY-02 ,JMBG (PERAK),CFJ,3EXL,958000
Romokalisari,SBY-02 ,JOMBANG,CFJ,2EXL,710000
Romokalisari,SBY-02 ,JOMBANG,CFJ,3EXL,743000
Romokalisari,SBY-02 ,KRIAN,SMK,3EXL,524000
Romokalisari,SBY-02 ,KRIAN,SMK,2EXL,473000
Romokalisari,SBY-02 ,KRIAN,SMK,OPEN TOP,574000
Romokalisari,SBY-02 ,KRIAN,CIK,3EXL,524000
Romokalisari,SBY-02 ,KRIAN,CIK,2EXL,473000
Romokalisari,SBY-02 ,KRIAN,CIK,OPEN TOP,574000
Romokalisari,SBY-02 ,MALINDO,MAL,2EXL,516000
Romokalisari,SBY-02 ,MALINDO,MAL,3EXL,571000
Romokalisari,SBY-02 ,MALINDO,MWA,2EXL,516000
Romokalisari,SBY-02 ,MALINDO,MWA,3EXL,571000
Romokalisari,SBY-02 ,MALINDO,MLD,2EXL,516000
Romokalisari,SBY-02 ,MALINDO,MLD,3EXL,571000
Romokalisari,SBY-02 ,MALINDO,MLG,2EXL,516000
Romokalisari,SBY-02 ,MALINDO,MLG,3EXL,571000
Romokalisari,SBY-02 ,MANYAR,STM,3EXL,274000
Romokalisari,SBY-02 ,MANYAR,STM,2EXL,246000
Romokalisari,SBY-02 ,MANYAR,MYG,3EXL,274000
Romokalisari,SBY-02 ,MANYAR,MYG,2EXL,246000
Romokalisari,SBY-02 ,MMULYO,JCM,2EXL,271000
Romokalisari,SBY-02 ,MMULYO,JCM,3EXL,296000
Romokalisari,SBY-02 ,MMULYO,MGP,2EXL,271000
Romokalisari,SBY-02 ,MMULYO,MGP,3EXL,296000
Romokalisari,SBY-02 ,MMULYO,BTG,2EXL,271000
Romokalisari,SBY-02 ,MMULYO,BTG,3EXL,296000
Romokalisari,SBY-02 ,MMULYO,CPM,2EXL,271000
Romokalisari,SBY-02 ,MMULYO,CPM,3EXL,296000
Romokalisari,SBY-02 ,MOJOSARI,NHM,3EXL,633000
Romokalisari,SBY-02 ,MOJOSARI,NHM,2EXL,573000
Romokalisari,SBY-02 ,MOJOSARI,PFN,3EXL,633000
Romokalisari,SBY-02 ,MOJOSARI,PFN,2EXL,573000
Romokalisari,SBY-02 ,MULTI PAKAN,MPJ,2EXL,925000
Romokalisari,SBY-02 ,MULTI PAKAN,MPJ,3EXL,958000
Romokalisari,SBY-02 ,MURTI,MJA,2EXL,129000
Romokalisari,SBY-02 ,MURTI,MJA,3EXL,144000
Romokalisari,SBY-02 ,MURTI,MUR,2EXL,129000
Romokalisari,SBY-02 ,MURTI,MUR,3EXL,144000
Romokalisari,SBY-02 ,NEW HOPE,NHJ,3EXL,475000
Romokalisari,SBY-02 ,NEW HOPE,NHJ,2EXL,427000
Romokalisari,SBY-02 ,NEW HOPE,NHK,3EXL,475000
Romokalisari,SBY-02 ,NEW HOPE,NHK,2EXL,427000
Romokalisari,SBY-02 ,NGORO,WNM,2EXL,573000
Romokalisari,SBY-02 ,NGORO,WNM,3EXL,633000
Romokalisari,SBY-02 ,NGORO,EHN,2EXL,573000
Romokalisari,SBY-02 ,NGORO,EHN,3EXL,633000
Romokalisari,SBY-02 ,PANDAAN,PPD,3EXL,633000
Romokalisari,SBY-02 ,PANDAAN,PPD,2EXL,573000
Romokalisari,SBY-02 ,PIER,KRI,3EXL,720000
Romokalisari,SBY-02 ,PIER,KRI,2EXL,660000
Romokalisari,SBY-02 ,PIER,CGK,3EXL,720000
Romokalisari,SBY-02 ,PIER,CGK,2EXL,660000
Romokalisari,SBY-02 ,PIER,BJP,3EXL,720000
Romokalisari,SBY-02 ,PIER,BJP,2EXL,660000
Romokalisari,SBY-02 ,PUNGGING,DMP,2EXL,567000
Romokalisari,SBY-02 ,PUNGGING,DMP,3EXL,627000
Romokalisari,SBY-02 ,ROMO (MANNA),MRM,3EXL,50000
Romokalisari,SBY-02 ,ROMO (MANNA),MRM,2EXL,45000
Romokalisari,SBY-02 ,ROMO (MANNA),RMK,3EXL,50000
Romokalisari,SBY-02 ,ROMO (MANNA),RMK,2EXL,45000
Romokalisari,SBY-02 ,SEGER,SEG,2EXL,514000
Romokalisari,SBY-02 ,SEGER,SEG,3EXL,569000
Romokalisari,SBY-02 ,SEGER,SGR,2EXL,514000
Romokalisari,SBY-02 ,SEGER,SGR,3EXL,569000
Romokalisari,SBY-02 ,SIDOARJO,JCB,3EXL,473000
Romokalisari,SBY-02 ,SIDOARJO,JCB,2EXL,426000
Romokalisari,SBY-02 ,SIDOARJO,JPB,3EXL,473000
Romokalisari,SBY-02 ,SIDOARJO,JPB,2EXL,426000
Romokalisari,SBY-02 ,SIDOARJO,JCS,3EXL,473000
Romokalisari,SBY-02 ,SIDOARJO,JCS,2EXL,426000
Romokalisari,SBY-02 ,SIERAD,SRW,3EXL,549000
Romokalisari,SBY-02 ,SIERAD,SRW,2EXL,494000
Romokalisari,SBY-02 ,SIERAD,SID,3EXL,549000
Romokalisari,SBY-02 ,SIERAD,SID,2EXL,494000
Romokalisari,SBY-02 ,SIERAD,SYS,3EXL,549000
Romokalisari,SBY-02 ,SIERAD,SYS,2EXL,494000
Romokalisari,SBY-02 ,SPC,SPT,3EXL,524000
Romokalisari,SBY-02 ,SPC,SPT,2EXL,473000
Romokalisari,SBY-02 ,SPJ,CIS,2EXL,426000
Romokalisari,SBY-02 ,SPJ,CIS,3EXL,473000
Romokalisari,SBY-02 ,SUI,SUK,2EXL,473000
Romokalisari,SBY-02 ,SUI,SUK,3EXL,524000
Romokalisari,SBY-02 ,SUI,SUI,2EXL,473000
Romokalisari,SBY-02 ,SUI,SUI,3EXL,524000
Romokalisari,SBY-02 ,TB,TGB,3EXL,370000
Romokalisari,SBY-02 ,TB,TGB,2EXL,324000
Romokalisari,SBY-02 ,TB LANGON,TBL,3EXL,296000
Romokalisari,SBY-02 ,TB LANGON,TBL,2EXL,271000
Romokalisari,SBY-02 ,TB. SAWAH,GTS,3EXL,504000
Romokalisari,SBY-02 ,TB. SAWAH,GTS,2EXL,457000
Romokalisari,SBY-02 ,TB. SAWAH,TSW,3EXL,504000
Romokalisari,SBY-02 ,TB. SAWAH,TSW,2EXL,457000
Romokalisari,SBY-02 ,W.ANOM,SRW,3EXL,569000
Romokalisari,SBY-02 ,W.ANOM,SRW,2EXL,514000
Romokalisari,SBY-02 ,W.ANOM,SID,3EXL,569000
Romokalisari,SBY-02 ,W.ANOM,SID,2EXL,514000
Romokalisari,SBY-02 ,W.ANOM,SYS,3EXL,569000
Romokalisari,SBY-02 ,W.ANOM,SYS,2EXL,514000
Romokalisari,SBY-02 ,W.GUNUNG,SWG,3EXL,450000
Romokalisari,SBY-02 ,WIRIFA,WNM,3EXL,633000
Romokalisari,SBY-02 ,WIRIFA,WNM,2EXL,573000
Romokalisari,SBY-02 ,WIRIFA,EHN,3EXL,633000
Romokalisari,SBY-02 ,WIRIFA,EHN,2EXL,573000
Romokalisari,SBY-02 ,WONOAYU,SRW,3EXL,549000
Romokalisari,SBY-02 ,WONOAYU,SRW,2EXL,494000
Romokalisari,SBY-02 ,WONOAYU,SID,3EXL,549000
Romokalisari,SBY-02 ,WONOAYU,SID,2EXL,494000
Romokalisari,SBY-02 ,WONOAYU,SYS,3EXL,549000
Romokalisari,SBY-02 ,WONOAYU,SYS,2EXL,494000
Romokalisari,SBY-02 ,WONOKOYO,WKG,3EXL,629000
Romokalisari,SBY-02 ,WONOKOYO,WKG,2EXL,569000
Romokalisari,SBY-02 ,WONOKOYO,IKS,3EXL,629000
Romokalisari,SBY-02 ,WONOKOYO,IKS,2EXL,569000
Romokalisari,SBY-02 ,WONOKOYO,WKY,3EXL,629000
Romokalisari,SBY-02 ,WONOKOYO,WKY,2EXL,569000
PELABUHAN,SBY-11 ,SEGER,SEG,3EXL,494000
PELABUHAN,SBY-11 ,SEGER,SEG,2EXL,439000
PELABUHAN,SBY-11 ,SEGER,SGR,3EXL,494000
PELABUHAN,SBY-11 ,SEGER,SGR,2EXL,439000
PELABUHAN,SBY-11 ,SIERAD,SRW,3EXL,474000
PELABUHAN,SBY-11 ,SIERAD,SRW,2EXL,419000
PELABUHAN,SBY-11 ,SIERAD,SID,3EXL,474000
PELABUHAN,SBY-11 ,SIERAD,SID,2EXL,419000
PELABUHAN,SBY-11 ,SIERAD,SYS,3EXL,474000
PELABUHAN,SBY-11 ,SIERAD,SYS,2EXL,419000
PELABUHAN,SBY-11 ,SPC TROSOBO,SPT,3EXL,449000
PELABUHAN,SBY-11 ,SPC TROSOBO,SPT,2EXL,398000
Sinar Unigrain Indonesia,SBY-09 ,C.PANDAAN,PPD,2EXL,550000
Sinar Unigrain Indonesia,SBY-09 ,C.PANDAAN,PPD,3EXL,550000
PELABUHAN,SBY-11 ,SUMBER ASIA,SAK,2EXL,346000
PELABUHAN,SBY-11 ,SUMBER ASIA,SAK,3EXL,393000
PELABUHAN,SBY-11 ,SURI MULIA,JCM,2EXL,196000
PELABUHAN,SBY-11 ,SURI MULIA,JCM,3EXL,221000
PELABUHAN,SBY-11 ,SURI MULIA,MGP,2EXL,196000
PELABUHAN,SBY-11 ,SURI MULIA,MGP,3EXL,221000
PELABUHAN,SBY-11 ,SURI MULIA,BTG,2EXL,196000
PELABUHAN,SBY-11 ,SURI MULIA,BTG,3EXL,221000
PELABUHAN,SBY-11 ,SURI MULIA,CPM,2EXL,196000
PELABUHAN,SBY-11 ,SURI MULIA,CPM,3EXL,221000
PELABUHAN,SBY-11 ,SUSANTI-SPC,SPT,2EXL,393000
PELABUHAN,SBY-11 ,SUSANTI-SPC,SPT,3EXL,444000
Teluk Lamong,SBY-07 ,AGROFOOD MJ.SARI,NHM,3EXL,628000
Teluk Lamong,SBY-07 ,AGROFOOD MJ.SARI,NHM,2EXL,568000
Teluk Lamong,SBY-07 ,AGROFOOD MJ.SARI,PFN,3EXL,628000
Teluk Lamong,SBY-07 ,AGROFOOD MJ.SARI,PFN,2EXL,568000
Teluk Lamong,SBY-07 ,C.SORINI,CLS,3EXL,708000
Teluk Lamong,SBY-07 ,C.SORINI,CLS,2EXL,658000
Teluk Lamong,SBY-07 ,C.SORINI,CLS,OPEN TOP,758000
Teluk Lamong,SBY-07 ,CARGIL,BBB,3EXL,629000
Teluk Lamong,SBY-07 ,CARGIL,BBB,2EXL,569000
Teluk Lamong,SBY-07 ,CARGIL,CGB,3EXL,629000
Teluk Lamong,SBY-07 ,CARGIL,CGB,2EXL,569000
Teluk Lamong,SBY-07 ,CASALAND,NHC,2EXL,494000
Teluk Lamong,SBY-07 ,CASALAND,NHC,3EXL,549000
Teluk Lamong,SBY-07 ,CASALAND,CSL,2EXL,494000
Teluk Lamong,SBY-07 ,CASALAND,CSL,3EXL,549000
Teluk Lamong,SBY-07 ,CJ.JMBG,CFJ,3EXL,743000
Teluk Lamong,SBY-07 ,CJ.JMBG,CFJ,2EXL,710000
Teluk Lamong,SBY-07 ,DUPAK,DPK,3EXL,229000
Teluk Lamong,SBY-07 ,DUPAK,DPK,2EXL,204000
Teluk Lamong,SBY-07 ,DUPAK,CPD,3EXL,229000
Teluk Lamong,SBY-07 ,DUPAK,CPD,2EXL,204000
Teluk Lamong,SBY-07 ,G.COIN,GCM,3EXL,241000
Teluk Lamong,SBY-07 ,G.COIN,GCM,2EXL,216000
Teluk Lamong,SBY-07 ,GANTARI (TULUS),DSG,2EXL,220000
Teluk Lamong,SBY-07 ,GANTARI (TULUS),DSG,3EXL,245000
Teluk Lamong,SBY-07 ,GEDANGAN,BAG,3EXL,455000
Teluk Lamong,SBY-07 ,GEDANGAN,BAG,2EXL,409000
Teluk Lamong,SBY-07 ,GEDANGAN,JCG,3EXL,455000
Teluk Lamong,SBY-07 ,GEDANGAN,JCG,2EXL,409000
Teluk Lamong,SBY-07 ,GEDANGAN,CFK,3EXL,455000
Teluk Lamong,SBY-07 ,GEDANGAN,CFK,2EXL,409000
Teluk Lamong,SBY-07 ,GEDANGAN,PPG,3EXL,455000
Teluk Lamong,SBY-07 ,GEDANGAN,PPG,2EXL,409000
Teluk Lamong,SBY-07 ,GEMPOL,HIG,3EXL,629000
Teluk Lamong,SBY-07 ,GEMPOL,HIG,2EXL,569000
Teluk Lamong,SBY-07 ,GEMPOL,MSG,3EXL,629000
Teluk Lamong,SBY-07 ,GEMPOL,MSG,2EXL,569000
Teluk Lamong,SBY-07 ,GRESIK (CARGIL),STM,3EXL,375000
Teluk Lamong,SBY-07 ,GRESIK (CARGIL),STM,2EXL,329000
Teluk Lamong,SBY-07 ,GRESIK (CARGIL),MYG,3EXL,375000
Teluk Lamong,SBY-07 ,GRESIK (CARGIL),MYG,2EXL,329000
Teluk Lamong,SBY-07 ,INDOCMENT,SPT,3EXL,549000
Teluk Lamong,SBY-07 ,INDOCMENT,SPT,2EXL,494000
Teluk Lamong,SBY-07 ,JAPFA MANYAR,STM,2EXL,329000
Teluk Lamong,SBY-07 ,JAPFA MANYAR,STM,3EXL,375000
Teluk Lamong,SBY-07 ,JAPFA MANYAR,MYG,2EXL,329000
Teluk Lamong,SBY-07 ,JAPFA MANYAR,MYG,3EXL,375000
Teluk Lamong,SBY-07 ,JCI,JCB,3EXL,524000
Teluk Lamong,SBY-07 ,JCI,JCB,2EXL,473000
Teluk Lamong,SBY-07 ,JCI,JPB,3EXL,524000
Teluk Lamong,SBY-07 ,JCI,JPB,2EXL,473000
Teluk Lamong,SBY-07 ,JCI,JCS,3EXL,524000
Teluk Lamong,SBY-07 ,JCI,JCS,2EXL,473000
Teluk Lamong,SBY-07 ,JMBG (PERAK),CFJ,2EXL,925000
Teluk Lamong,SBY-07 ,JMBG (PERAK),CFJ,3EXL,958000
Teluk Lamong,SBY-07 ,KIG,KGG,3EXL,375000
Teluk Lamong,SBY-07 ,KIG,KGG,2EXL,329000
Teluk Lamong,SBY-07 ,KLETEK,NHJ,2EXL,426000
Teluk Lamong,SBY-07 ,KLETEK,NHJ,3EXL,473000
Teluk Lamong,SBY-07 ,KLETEK,NHJ,OPEN TOP,523000
Teluk Lamong,SBY-07 ,KLETEK,NHK,2EXL,426000
Teluk Lamong,SBY-07 ,KLETEK,NHK,3EXL,473000
Teluk Lamong,SBY-07 ,KLETEK,NHK,OPEN TOP,523000
Teluk Lamong,SBY-07 ,KRIAN,SMK,3EXL,524000
Teluk Lamong,SBY-07 ,KRIAN,SMK,2EXL,473000
Teluk Lamong,SBY-07 ,KRIAN,SMK,OPEN TOP,574000
Teluk Lamong,SBY-07 ,KRIAN,CIK,3EXL,524000
Teluk Lamong,SBY-07 ,KRIAN,CIK,2EXL,473000
Teluk Lamong,SBY-07 ,KRIAN,CIK,OPEN TOP,574000
Teluk Lamong,SBY-07 ,MALINDO,MAL,2EXL,514000
Teluk Lamong,SBY-07 ,MALINDO,MAL,3EXL,569000
Teluk Lamong,SBY-07 ,MALINDO,MWA,2EXL,514000
Teluk Lamong,SBY-07 ,MALINDO,MWA,3EXL,569000
Teluk Lamong,SBY-07 ,MALINDO,MLD,2EXL,514000
Teluk Lamong,SBY-07 ,MALINDO,MLD,3EXL,569000
Teluk Lamong,SBY-07 ,MALINDO,MLG,2EXL,514000
Teluk Lamong,SBY-07 ,MALINDO,MLG,3EXL,569000
Teluk Lamong,SBY-07 ,MMULYO,JCM,2EXL,200000
Teluk Lamong,SBY-07 ,MMULYO,JCM,3EXL,225000
Teluk Lamong,SBY-07 ,MMULYO,MGP,2EXL,200000
Teluk Lamong,SBY-07 ,MMULYO,MGP,3EXL,225000
Teluk Lamong,SBY-07 ,MMULYO,BTG,2EXL,200000
Teluk Lamong,SBY-07 ,MMULYO,BTG,3EXL,225000
Teluk Lamong,SBY-07 ,MMULYO,CPM,2EXL,200000
Teluk Lamong,SBY-07 ,MMULYO,CPM,3EXL,225000
Teluk Lamong,SBY-07 ,MOJOSARI,NHM,3EXL,633000
Teluk Lamong,SBY-07 ,MOJOSARI,NHM,2EXL,573000
Teluk Lamong,SBY-07 ,MOJOSARI,PFN,3EXL,633000
Teluk Lamong,SBY-07 ,MOJOSARI,PFN,2EXL,573000
Teluk Lamong,SBY-07 ,MURTI,MJA,3EXL,250000
Teluk Lamong,SBY-07 ,MURTI,MJA,2EXL,225000
Teluk Lamong,SBY-07 ,MURTI,MUR,3EXL,250000
Teluk Lamong,SBY-07 ,MURTI,MUR,2EXL,225000
Teluk Lamong,SBY-07 ,NEWHOPE,NHJ,3EXL,473000
Teluk Lamong,SBY-07 ,NEWHOPE,NHJ,2EXL,427000
Teluk Lamong,SBY-07 ,NEWHOPE,NHK,3EXL,473000
Teluk Lamong,SBY-07 ,NEWHOPE,NHK,2EXL,427000
Teluk Lamong,SBY-07 ,NGORO,WNM,2EXL,573000
Teluk Lamong,SBY-07 ,NGORO,WNM,3EXL,633000
Teluk Lamong,SBY-07 ,NGORO,EHN,2EXL,573000
Teluk Lamong,SBY-07 ,NGORO,EHN,3EXL,633000
Teluk Lamong,SBY-07 ,PANDAAN,PPD,2EXL,569000
Teluk Lamong,SBY-07 ,PANDAAN,PPD,3EXL,629000
Teluk Lamong,SBY-07 ,PIER,KRI,3EXL,720000
Teluk Lamong,SBY-07 ,PIER,KRI,2EXL,660000
Teluk Lamong,SBY-07 ,PIER,CGK,3EXL,720000
Teluk Lamong,SBY-07 ,PIER,CGK,2EXL,660000
Teluk Lamong,SBY-07 ,PIER,BJP,3EXL,720000
Teluk Lamong,SBY-07 ,PIER,BJP,2EXL,660000
Teluk Lamong,SBY-07 ,PUNGGING,DMP,2EXL,574000
Teluk Lamong,SBY-07 ,PUNGGING,DMP,3EXL,634000
Teluk Lamong,SBY-07 ,ROMO,MRM,3EXL,205000
Teluk Lamong,SBY-07 ,ROMO,MRM,2EXL,180000
Teluk Lamong,SBY-07 ,ROMO,MRM,OPEN TOP,255000
Teluk Lamong,SBY-07 ,ROMO,RMK,3EXL,205000
Teluk Lamong,SBY-07 ,ROMO,RMK,2EXL,180000
Teluk Lamong,SBY-07 ,ROMO,RMK,OPEN TOP,255000
Teluk Lamong,SBY-07 ,SEGER,SEG,2EXL,514000
Teluk Lamong,SBY-07 ,SEGER,SEG,3EXL,569000
Teluk Lamong,SBY-07 ,SEGER,SGR,2EXL,514000
Teluk Lamong,SBY-07 ,SEGER,SGR,3EXL,569000
Teluk Lamong,SBY-07 ,SIANTAR,STT,3EXL,504000
Teluk Lamong,SBY-07 ,SIANTAR,STT,2EXL,457000
Teluk Lamong,SBY-07 ,SIANTAR,STA,3EXL,504000
Teluk Lamong,SBY-07 ,SIANTAR,STA,2EXL,457000
Teluk Lamong,SBY-07 ,SIERAD,SRW,2EXL,489000
Teluk Lamong,SBY-07 ,SIERAD,SRW,3EXL,549000
Teluk Lamong,SBY-07 ,SIERAD,SID,2EXL,489000
Teluk Lamong,SBY-07 ,SIERAD,SID,3EXL,549000
Teluk Lamong,SBY-07 ,SIERAD,SYS,2EXL,489000
Teluk Lamong,SBY-07 ,SIERAD,SYS,3EXL,549000
Teluk Lamong,SBY-07 ,SPC,SPT,OPEN TOP,523000
Teluk Lamong,SBY-07 ,SPC,SPT,2EXL,478000
Teluk Lamong,SBY-07 ,SPC,SPT,3EXL,524000
Teluk Lamong,SBY-07 ,SPJ,CIS,3EXL,473000
Teluk Lamong,SBY-07 ,SPJ,CIS,2EXL,426000
Teluk Lamong,SBY-07 ,STP MANYAR,STM,2EXL,334000
Teluk Lamong,SBY-07 ,STP MANYAR,STM,3EXL,380000
Teluk Lamong,SBY-07 ,STP MANYAR,MYG,2EXL,334000
Teluk Lamong,SBY-07 ,STP MANYAR,MYG,3EXL,380000
Teluk Lamong,SBY-07 ,SUI,SUK,2EXL,473000
Teluk Lamong,SBY-07 ,SUI,SUK,3EXL,524000
Teluk Lamong,SBY-07 ,SUI,SUI,2EXL,473000
Teluk Lamong,SBY-07 ,SUI,SUI,3EXL,524000
Teluk Lamong,SBY-07 ,TB. LANGON,TBL,2EXL,102000
Teluk Lamong,SBY-07 ,TB. LANGON,TBL,3EXL,117000
Teluk Lamong,SBY-07 ,TJ.BATU,TGB,OPEN TOP,428000
Teluk Lamong,SBY-07 ,TJ.BATU,TGB,3EXL,378000
Teluk Lamong,SBY-07 ,TJ.BATU,TGB,2EXL,332000
Teluk Lamong,SBY-07 ,WONOKOYO,WKG,2EXL,569000
Teluk Lamong,SBY-07 ,WONOKOYO,WKG,3EXL,629000
Teluk Lamong,SBY-07 ,WONOKOYO,IKS,2EXL,569000
Teluk Lamong,SBY-07 ,WONOKOYO,IKS,3EXL,629000
Teluk Lamong,SBY-07 ,WONOKOYO,WKY,2EXL,569000
Teluk Lamong,SBY-07 ,WONOKOYO,WKY,3EXL,629000
Teluk Lamong,SBY-07 ,WIRIFA,WNM,3EXL,633000
Teluk Lamong,SBY-07 ,WIRIFA,WNM,2EXL,573000
Teluk Lamong,SBY-07 ,WIRIFA,EHN,3EXL,633000
Teluk Lamong,SBY-07 ,WIRIFA,EHN,2EXL,573000
Teluk Lamong,SBY-07 ,WONOAYU,SRW,2EXL,351000
Teluk Lamong,SBY-07 ,WONOAYU,SRW,3EXL,398000
Teluk Lamong,SBY-07 ,WONOAYU,SID,2EXL,351000
Teluk Lamong,SBY-07 ,WONOAYU,SID,3EXL,398000
Teluk Lamong,SBY-07 ,WONOAYU,SYS,2EXL,351000
Teluk Lamong,SBY-07 ,WONOAYU,SYS,3EXL,398000
Teluk Lamong,SBY-07 ,JAMRUD,JMD,3EXL,221000
Teluk Lamong,SBY-07 ,JAMRUD,JMD,2EXL,196000
Teluk Lamong,SBY-07 ,JAMRUD,GTT,3EXL,221000
Teluk Lamong,SBY-07 ,JAMRUD,GTT,2EXL,196000
Teluk Lamong,SBY-07 ,JAMRUD,PBP,3EXL,221000
Teluk Lamong,SBY-07 ,JAMRUD,PBP,2EXL,196000
Teluk Lamong,SBY-07 ,KRIAN,SMK,2EXL,393000
Teluk Lamong,SBY-07 ,KRIAN,SMK,3EXL,444000
Teluk Lamong,SBY-07 ,KRIAN,CIK,2EXL,393000
Teluk Lamong,SBY-07 ,KRIAN,CIK,3EXL,444000
Teluk Lamong,SBY-07 ,SIANTAR,STT,2EXL,377000
Teluk Lamong,SBY-07 ,SIANTAR,STT,3EXL,424000
Teluk Lamong,SBY-07 ,SIANTAR,STA,2EXL,377000
Teluk Lamong,SBY-07 ,SIANTAR,STA,3EXL,424000
Teluk Lamong,SBY-07 ,SPJ,CIS,3EXL,424000
Teluk Lamong,SBY-07 ,SPJ,CIS,2EXL,377000
Teluk Lamong,SBY-07 ,T.LANGON,TBL,2EXL,196000
Teluk Lamong,SBY-07 ,T.LANGON,TBL,3EXL,221000
PELABUHAN,SBY-11 ,TB JAMRUD,JMD,2EXL,112000
PELABUHAN,SBY-11 ,TB JAMRUD,JMD,3EXL,127000
PELABUHAN,SBY-11 ,TB JAMRUD,GTT,2EXL,112000
PELABUHAN,SBY-11 ,TB JAMRUD,GTT,3EXL,127000
PELABUHAN,SBY-11 ,TB JAMRUD,PBP,2EXL,112000
PELABUHAN,SBY-11 ,TB JAMRUD,PBP,3EXL,127000
PELABUHAN,SBY-11 ,TB LANGON 16,TBL,2EXL,216000
PELABUHAN,SBY-11 ,TB LANGON 16,TBL,3EXL,241000
PELABUHAN,SBY-11 ,TB LANGON 22,TBL,3EXL,221000
PELABUHAN,SBY-11 ,TB LANGON 22,TBL,2EXL,196000
PELABUHAN,SBY-11 ,TB LANGON 28,TBL,2EXL,196000
PELABUHAN,SBY-11 ,TB LANGON 28,TBL,3EXL,221000
PELABUHAN,SBY-11 ,TB LANGON 30,TBL,2EXL,196000
PELABUHAN,SBY-11 ,TB LANGON 30,TBL,3EXL,221000
Tambak Langon,SBY-04 ,INDOCEMENT,SPT,3EXL,469000
Tambak Langon,SBY-04 ,INDOCEMENT,SPT,2EXL,414000
Tambak Langon,SBY-04 ,SPJ,CIS,3EXL,393000
Tambak Langon,SBY-04 ,SPJ,CIS,2EXL,346000
PELABUHAN,SBY-11 ,TB.SAWAH,GTS,2EXL,382000
PELABUHAN,SBY-11 ,TB.SAWAH,GTS,3EXL,429000
PELABUHAN,SBY-11 ,TB.SAWAH,TSW,2EXL,382000
PELABUHAN,SBY-11 ,TB.SAWAH,TSW,3EXL,429000
PELABUHAN,SBY-11 ,TJ BATU JU,TGB,2EXL,113000
PELABUHAN,SBY-11 ,TJ BATU JU,TGB,3EXL,127000
PELABUHAN,SBY-11 ,TJ. BATU,TGB,3EXL,117000
PELABUHAN,SBY-11 ,TJ. BATU,TGB,2EXL,102000
Teluk Lamong,SBY-07 ,BYPAS INDOCHEM,SIK,2EXL,414000
Teluk Lamong,SBY-07 ,BYPAS INDOCHEM,SIK,3EXL,469000
Teluk Lamong,SBY-07 ,EAST HOPE,WNM,3EXL,553000
Teluk Lamong,SBY-07 ,EAST HOPE,WNM,2EXL,493000
Teluk Lamong,SBY-07 ,EAST HOPE,EHN,3EXL,553000
Teluk Lamong,SBY-07 ,EAST HOPE,EHN,2EXL,493000
Teluk Lamong,SBY-07 ,GEDANGAN,BAG,2EXL,334000
Teluk Lamong,SBY-07 ,GEDANGAN,BAG,3EXL,380000
Teluk Lamong,SBY-07 ,GEDANGAN,JCG,2EXL,334000
Teluk Lamong,SBY-07 ,GEDANGAN,JCG,3EXL,380000
Teluk Lamong,SBY-07 ,GEDANGAN,CFK,2EXL,334000
Teluk Lamong,SBY-07 ,GEDANGAN,CFK,3EXL,380000
Teluk Lamong,SBY-07 ,GEDANGAN,PPG,2EXL,334000
Teluk Lamong,SBY-07 ,GEDANGAN,PPG,3EXL,380000
Teluk Lamong,SBY-07 ,GEMPOL,HIG,2EXL,494000
Teluk Lamong,SBY-07 ,GEMPOL,HIG,3EXL,554000
Teluk Lamong,SBY-07 ,GEMPOL,MSG,2EXL,494000
Teluk Lamong,SBY-07 ,GEMPOL,MSG,3EXL,554000
Teluk Lamong,SBY-07 ,JMBG (PERAK),CFJ,3EXL,878000
Teluk Lamong,SBY-07 ,JMBG (PERAK),CFJ,2EXL,845000
Teluk Lamong,SBY-07 ,KALIANAK,KAL,2EXL,180000
Teluk Lamong,SBY-07 ,KALIANAK,KAL,3EXL,205000
Teluk Lamong,SBY-07 ,MMULYO,JCM,3EXL,221000
Teluk Lamong,SBY-07 ,MMULYO,JCM,2EXL,196000
Teluk Lamong,SBY-07 ,MMULYO,MGP,3EXL,221000
Teluk Lamong,SBY-07 ,MMULYO,MGP,2EXL,196000
Teluk Lamong,SBY-07 ,MMULYO,BTG,3EXL,221000
Teluk Lamong,SBY-07 ,MMULYO,BTG,2EXL,196000
Teluk Lamong,SBY-07 ,MMULYO,CPM,3EXL,221000
Teluk Lamong,SBY-07 ,MMULYO,CPM,2EXL,196000
Teluk Lamong,SBY-07 ,NEWHOPE,NHJ,2EXL,346000
Teluk Lamong,SBY-07 ,NEWHOPE,NHJ,3EXL,393000
Teluk Lamong,SBY-07 ,NEWHOPE,NHK,2EXL,346000
Teluk Lamong,SBY-07 ,NEWHOPE,NHK,3EXL,393000
Teluk Lamong,SBY-07 ,TB. SAWAH,GTS,3EXL,424000
Teluk Lamong,SBY-07 ,TB. SAWAH,GTS,2EXL,377000
Teluk Lamong,SBY-07 ,TB. SAWAH,TSW,3EXL,424000
Teluk Lamong,SBY-07 ,TB. SAWAH,TSW,2EXL,377000
Teluk Lamong,SBY-07 ,WONOKOYO,WKG,3EXL,549000
Teluk Lamong,SBY-07 ,WONOKOYO,WKG,2EXL,489000
Teluk Lamong,SBY-07 ,WONOKOYO,IKS,3EXL,549000
Teluk Lamong,SBY-07 ,WONOKOYO,IKS,2EXL,489000
Teluk Lamong,SBY-07 ,WONOKOYO,WKY,3EXL,549000
Teluk Lamong,SBY-07 ,WONOKOYO,WKY,2EXL,489000
PELABUHAN,SBY-11 ,TROSOBO,SPT,3EXL,449000
PELABUHAN,SBY-11 ,TROSOBO,SPT,2EXL,398000
SPC Trosobo,SBY-08 ,JAMRUD,JMD,3EXL,444000
SPC Trosobo,SBY-08 ,JAMRUD,JMD,2EXL,393000
SPC Trosobo,SBY-08 ,JAMRUD,GTT,3EXL,444000
SPC Trosobo,SBY-08 ,JAMRUD,GTT,2EXL,393000
SPC Trosobo,SBY-08 ,JAMRUD,PBP,3EXL,444000
SPC Trosobo,SBY-08 ,JAMRUD,PBP,2EXL,393000
PELABUHAN,SBY-11 ,UNIGRAIN,SUK,3EXL,444000
PELABUHAN,SBY-11 ,UNIGRAIN,SUK,2EXL,393000
PELABUHAN,SBY-11 ,UNIGRAIN,SUI,3EXL,444000
PELABUHAN,SBY-11 ,UNIGRAIN,SUI,2EXL,393000
PELABUHAN,SBY-11 ,WIRIFA NGORO,WNM,3EXL,553000
PELABUHAN,SBY-11 ,WIRIFA NGORO,WNM,2EXL,493000
PELABUHAN,SBY-11 ,WIRIFA NGORO,EHN,3EXL,553000
PELABUHAN,SBY-11 ,WIRIFA NGORO,EHN,2EXL,493000
PELABUHAN,SBY-11 ,WONOKOYO,WKG,3EXL,554000
PELABUHAN,SBY-11 ,WONOKOYO,WKG,2EXL,494000
PELABUHAN,SBY-11 ,WONOKOYO,IKS,3EXL,554000
PELABUHAN,SBY-11 ,WONOKOYO,IKS,2EXL,494000
PELABUHAN,SBY-11 ,WONOKOYO,WKY,3EXL,554000
PELABUHAN,SBY-11 ,WONOKOYO,WKY,2EXL,494000
CASALAND,SBY-15 ,CASALAND - CPI KRIAN (START GARASI),SMK,Semi,239000
CASALAND,SBY-15 ,CASALAND - CPI KRIAN (START GARASI),SMK,LD,287000
CASALAND,SBY-15 ,CASALAND - CPI KRIAN (START GARASI),CIK,Semi,239000
CASALAND,SBY-15 ,CASALAND - CPI KRIAN (START GARASI),CIK,LD,287000
CASALAND,SBY-15 ,CASALAND - CPI KRIAN (RIT BERIKUT),SMK,Semi,140000
CASALAND,SBY-15 ,CASALAND - CPI KRIAN (RIT BERIKUT),SMK,LD,150000
CASALAND,SBY-15 ,CASALAND - CPI KRIAN (RIT BERIKUT),CIK,Semi,140000
CASALAND,SBY-15 ,CASALAND - CPI KRIAN (RIT BERIKUT),CIK,LD,150000
CASALAND,SBY-15 ,CASALAND - CPI SPJ (START GARASI),CIS,Semi,239000
CASALAND,SBY-15 ,CASALAND - CPI SPJ (START GARASI),CIS,LD,287000
CASALAND,SBY-15 ,CASALAND - CPI SPJ (RIT BERIKUT),CIS,Semi,140000
CASALAND,SBY-15 ,CASALAND - CPI SPJ (RIT BERIKUT),CIS,LD,150000
CPI KRIAN,SBY-18 ,CPI KRIAN - CPI SPJ (START GARASI),CIS,Semi,239000
CPI KRIAN,SBY-18 ,CPI KRIAN - CPI SPJ (START GARASI),CIS,LD,287000
CPI KRIAN,SBY-18 ,CPI KRIAN - CPI SPJ (RIT BERIKUT),CIS,Semi,140000
CPI KRIAN,SBY-18 ,CPI KRIAN - CPI SPJ (RIT BERIKUT),CIS,LD,150000