T.LAMONG,SBY-07,T.LAMONG-AGROFOOD MJ.SARI,AGM,2EXL,"705000"
T.LAMONG,SBY-07,T.LAMONG-AGROFOOD MJ.SARI,AGM,3EXL,"785000"
T.LAMONG,SBY-07,T.LAMONG-BLITAR,BLT,2EXL,"1500000"
T.LAMONG,SBY-07,T.LAMONG-BLITAR,BLT,3EXL,"1600000"
T.LAMONG,SBY-07,T.LAMONG-C.SORINI,SOR,3EXL,"810000"
T.LAMONG,SBY-07,T.LAMONG-C.SORINI,SOR,2EXL,"735000"
T.LAMONG,SBY-07,T.LAMONG-CARGIL,CGB,2EXL,"685000"
T.LAMONG,SBY-07,T.LAMONG-CARGIL,CGB,3EXL,"760000"
T.LAMONG,SBY-07,T.LAMONG-CASALAND,CSL,2EXL,"555000"
T.LAMONG,SBY-07,T.LAMONG-CASALAND,CSL,3EXL,"615000"
T.LAMONG,SBY-07,T.LAMONG-CJ.JMBG,CJJ,2EXL,"915000"
T.LAMONG,SBY-07,T.LAMONG-CJ.JMBG,CJJ,3EXL,"1020000"
T.LAMONG,SBY-07,T.LAMONG-DUPAK,DPK,2EXL,"380000"
T.LAMONG,SBY-07,T.LAMONG-DUPAK,DPK,3EXL,"425000"
T.LAMONG,SBY-07,T.LAMONG-G.COIN,GCM,2EXL,"265000"
T.LAMONG,SBY-07,T.LAMONG-G.COIN,GCM,3EXL,"290000"
T.LAMONG,SBY-07,T.LAMONG-GANTARI (TULUS),DSG,2EXL,"255000"
T.LAMONG,SBY-07,T.LAMONG-GANTARI (TULUS),DSG,3EXL,"275000"
T.LAMONG,SBY-07,T.LAMONG-GEDANGAN,PPG,2EXL,"480000"
T.LAMONG,SBY-07,T.LAMONG-GEDANGAN,PPG,3EXL,"530000"
T.LAMONG,SBY-07,T.LAMONG-GEMPOL,MSG,2EXL,"685000"
T.LAMONG,SBY-07,T.LAMONG-GEMPOL,MSG,3EXL,"760000"
T.LAMONG,SBY-07,T.LAMONG-GRESIK (CARGIL),GRC,3EXL,"425000"
T.LAMONG,SBY-07,T.LAMONG-GRESIK (CARGIL),GRC,2EXL,"380000"
T.LAMONG,SBY-07,T.LAMONG-INDOCMENT,SIK,2EXL,"590000"
T.LAMONG,SBY-07,T.LAMONG-INDOCMENT,SIK,3EXL,"660000"
T.LAMONG,SBY-07,T.LAMONG-JAPFA MANYAR,JMG,2EXL,"380000"
T.LAMONG,SBY-07,T.LAMONG-JAPFA MANYAR,JMG,3EXL,"425000"
T.LAMONG,SBY-07,T.LAMONG-JCI,JCS,2EXL,"473000"
T.LAMONG,SBY-07,T.LAMONG-JCI,JCS,3EXL,"524000"
T.LAMONG,SBY-07,JMBG (PERAK),JMP,2EXL,"1130000"
T.LAMONG,SBY-07,JMBG (PERAK),JMP,3EXL,"1260000"
T.LAMONG,SBY-07,T.LAMONG-KIG,KGG,2EXL,"480000"
T.LAMONG,SBY-07,T.LAMONG-KIG,KGG,3EXL,"530000"
T.LAMONG,SBY-07,T.LAMONG-KLETEK,NHK,2EXL,"495000"
T.LAMONG,SBY-07,T.LAMONG-KLETEK,NHK,3EXL,"550000"
T.LAMONG,SBY-07,T.LAMONG-KRIAN,CIK,2EXL,"555000"
T.LAMONG,SBY-07,T.LAMONG-KRIAN,CIK,3EXL,"615000"
T.LAMONG,SBY-07,T.LAMONG-MALINDO,MWA,2EXL,"615000"
T.LAMONG,SBY-07,T.LAMONG-MALINDO,MWA,3EXL,"680000"
T.LAMONG,SBY-07,T.LAMONG-MBM,MBM,2EXL,"555000"
T.LAMONG,SBY-07,T.LAMONG-MBM,MBM,3EXL,"615000"
T.LAMONG,SBY-07,T.LAMONG-MIWON,MWN,2EXL,"421000"
T.LAMONG,SBY-07,T.LAMONG-MIWON,MWN,3EXL,"468000"
T.LAMONG,SBY-07,T.LAMONG-MIWON,MWN,2EXL,"421000"
T.LAMONG,SBY-07,T.LAMONG-MIWON,MWN,3EXL,"468000"
T.LAMONG,SBY-07,T.LAMONG-MMULYO,MMM,2EXL,"265000"
T.LAMONG,SBY-07,T.LAMONG-MMULYO,MMM,3EXL,"290000"
T.LAMONG,SBY-07,T.LAMONG-MOJOSARI,NHM,2EXL,"705000"
T.LAMONG,SBY-07,T.LAMONG-MOJOSARI,NHM,3EXL,"785000"
T.LAMONG,SBY-07,T.LAMONG-MURTI,MUR,2EXL,"255000"
T.LAMONG,SBY-07,T.LAMONG-MURTI,MUR,3EXL,"275000"
T.LAMONG,SBY-07,T.LAMONG-NEWHOPE,NHK,2EXL,"495000"
T.LAMONG,SBY-07,T.LAMONG-NEWHOPE,NHK,3EXL,"550000"
T.LAMONG,SBY-07,T.LAMONG-NGORO,NGO,2EXL,"705000"
T.LAMONG,SBY-07,T.LAMONG-NGORO,NGO,3EXL,"785000"
T.LAMONG,SBY-07,T.LAMONG-PANDAAN,PPD,2EXL,"685000"
T.LAMONG,SBY-07,T.LAMONG-PANDAAN,PPD,3EXL,"760000"
T.LAMONG,SBY-07,T.LAMONG-PIER,CGK,3EXL,"720000"
T.LAMONG,SBY-07,T.LAMONG-PIER,CGK,2EXL,"660000"
T.LAMONG,SBY-07,T.LAMONG-PUNGGING,DMP,3EXL,"780000"
T.LAMONG,SBY-07,T.LAMONG-PUNGGING,DMP,2EXL,"700000"
T.LAMONG,SBY-07,T.LAMONG-ROMO,RMK,2EXL,"210000"
T.LAMONG,SBY-07,T.LAMONG-ROMO,RMK,3EXL,"230000"
T.LAMONG,SBY-07,T.LAMONG-SEGER,SGR,2EXL,"580000"
T.LAMONG,SBY-07,T.LAMONG-SEGER,SGR,3EXL,"645000"
T.LAMONG,SBY-07,T.LAMONG-SEMARANG,SMG,3EXL,"2970000"
T.LAMONG,SBY-07,T.LAMONG-SIANTAR,STT,2EXL,"525000"
T.LAMONG,SBY-07,T.LAMONG-SIANTAR,STT,3EXL,"590000"
T.LAMONG,SBY-07,T.LAMONG-SIERAD,SRW,2EXL,"580000"
T.LAMONG,SBY-07,T.LAMONG-SIERAD,SRW,3EXL,"645000"
T.LAMONG,SBY-07,T.LAMONG-SPC,SPT,2EXL,"555000"
T.LAMONG,SBY-07,T.LAMONG-SPC,SPT,3EXL,"615000"
T.LAMONG,SBY-07,T.LAMONG-SPJ,CIS,2EXL,"495000"
T.LAMONG,SBY-07,T.LAMONG-SPJ,CIS,3EXL,"550000"
T.LAMONG,SBY-07,T.LAMONG-STP MANYAR,STM,2EXL,"334000"
T.LAMONG,SBY-07,T.LAMONG-STP MANYAR,STM,3EXL,"380000"
T.LAMONG,SBY-07,T.LAMONG-SUI,SUI,2EXL,"555000"
T.LAMONG,SBY-07,T.LAMONG-SUI,SUI,3EXL,"615000"
T.LAMONG,SBY-07,T.LAMONG-TB.LANGON,TBL,2EXL,"165000"
T.LAMONG,SBY-07,T.LAMONG-TB.LANGON,TBL,3EXL,"190000"
T.LAMONG,SBY-07,T.LAMONG-TJ.BATU,TGB,2EXL,"380000"
T.LAMONG,SBY-07,T.LAMONG-TJ.BATU,TGB,3EXL,"420000"
T.LAMONG,SBY-07,T.LAMONG-W.KOYO,WKY,2EXL,"685000"
T.LAMONG,SBY-07,T.LAMONG-W.KOYO,WKY,3EXL,"760000"
T.LAMONG,SBY-07,T.LAMONG-WIRIFA,WNM,2EXL,"705000"
T.LAMONG,SBY-07,T.LAMONG-WIRIFA,WNM,3EXL,"785000"
T.LAMONG,SBY-07,T.LAMONG-WONOAYU,SRW,2EXL,"580000"
T.LAMONG,SBY-07,T.LAMONG-WONOAYU,SRW,3EXL,"645000"
B.SARI,SBY-16,B.SARI-CPI SPJ,CIS,3EXL,"470000"
B.SARI,SBY-16,B.SARI-CPI SPJ,CIS,2EXL,"425000"
B.SARI,SBY-16,B.SARI-CPIK,CIK,3EXL,"535000"
B.SARI,SBY-16,B.SARI-CPIK,CIK,2EXL,"485000"
B.SARI,SBY-16,B.SARI-JCI,JCS,2EXL,"475000"
B.SARI,SBY-16,B.SARI-JCI,JCS,3EXL,"525000"
PELABUHAN,SBY-11,ABA SPJ,ABS,2EXL,"415000"
PELABUHAN,SBY-11,ABA SPJ,ABS,3EXL,"460000"
PELABUHAN,SBY-11,BEHAESTEX,BHS,2EXL,"630000"
PELABUHAN,SBY-11,BEHAESTEX,BHS,3EXL,"686000"
PELABUHAN,SBY-11,BY PAS KRIAN,BPK,3EXL,"469000"
PELABUHAN,SBY-11,BY PAS KRIAN,BPK,2EXL,"414000"
PELABUHAN,SBY-11,BYPAS INDOCHEM,SIK,2EXL,"510000"
PELABUHAN,SBY-11,BYPAS INDOCHEM,SIK,3EXL,"570000"
PELABUHAN,SBY-11,CARGIL,CGB,3EXL,"670000"
PELABUHAN,SBY-11,CARGIL,CGB,2EXL,"605000"
PELABUHAN,SBY-11,CARGIL PIER,CGK,2EXL,"696000"
PELABUHAN,SBY-11,CARGIL PIER,CGK,3EXL,"761000"
PELABUHAN,SBY-11,CARGIL SUSANTI,CGS,2EXL,"204000"
PELABUHAN,SBY-11,CARGIL SUSANTI,CGS,3EXL,"229000"
PELABUHAN,SBY-11,CASALAND,CSL,2EXL,"475000"
PELABUHAN,SBY-11,CASALAND,CSL,3EXL,"525000"
PELABUHAN,SBY-11,CJ JOMBANG,CJJ,3EXL,"925000"
PELABUHAN,SBY-11,CJ JOMBANG,CJJ,2EXL,"835000"
PELABUHAN,SBY-11,CJ.PASURUAN,CJP,2EXL,"680000"
PELABUHAN,SBY-11,CJ.PASURUAN,CJP,3EXL,"713000"
PELABUHAN,SBY-11,CPI KRIAN,CIK,3EXL,"525000"
PELABUHAN,SBY-11,CPI KRIAN,CIK,2EXL,"475000"
PELABUHAN,SBY-11,CPI SPJ,CIS,3EXL,"460000"
PELABUHAN,SBY-11,CPI SPJ,CIS,2EXL,"415000"
PELABUHAN,SBY-11,CPP DUPAK,CPD,3EXL,"265000"
PELABUHAN,SBY-11,CPP DUPAK,CPD,2EXL,"240000"
PELABUHAN,SBY-11,CPP SPJ,CPS,3EXL,"460000"
PELABUHAN,SBY-11,CPP SPJ,CPS,2EXL,"415000"
PELABUHAN,SBY-11,DRIYOREJO,DRJ,2EXL,"346000"
PELABUHAN,SBY-11,DRIYOREJO,DRJ,3EXL,"393000"
PELABUHAN,SBY-11,EAST HOPE NGORO,EHN,3EXL,"558000"
PELABUHAN,SBY-11,EAST HOPE NGORO,EHN,2EXL,"498000"
PELABUHAN,SBY-11,GEDANGAN,PPG,3EXL,"440000"
PELABUHAN,SBY-11,GEDANGAN,PPG,2EXL,"400000"
PELABUHAN,SBY-11,GEMPOL,MSG,3EXL,"670000"
PELABUHAN,SBY-11,GEMPOL,MSG,2EXL,"605000"
PELABUHAN,SBY-11,GOLD COIN,GCM,3EXL,"290000"
PELABUHAN,SBY-11,GOLD COIN,GCM,2EXL,"265000"
PELABUHAN,SBY-11,GRESIK,GRS,3EXL,"440000"
PELABUHAN,SBY-11,GRESIK,GRS,2EXL,"388000"
PELABUHAN,SBY-11,INDOCMENT,SIK,2EXL,"510000"
PELABUHAN,SBY-11,INDOCMENT,SIK,3EXL,"570000"
PELABUHAN,SBY-11,ISPATINDO,ISP,3EXL,"393000"
PELABUHAN,SBY-11,ISPATINDO,ISP,2EXL,"346000"
PELABUHAN,SBY-11,JCI GEDANGAN,JCG,3EXL,"525000"
PELABUHAN,SBY-11,JCI GEDANGAN,JCG,2EXL,"475000"
PELABUHAN,SBY-11,JCI M MULYO,JCM,3EXL,"225000"
PELABUHAN,SBY-11,JCI M MULYO,JCM,2EXL,"200000"
PELABUHAN,SBY-11,JCI SDA,JCS,3EXL,"525000"
PELABUHAN,SBY-11,JCI SDA,JCS,2EXL,"475000"
PELABUHAN,SBY-11,JMBG (PERAK),JMP,2EXL,"1050000"
PELABUHAN,SBY-11,JMBG (PERAK),JMP,3EXL,"1170000"
PELABUHAN,SBY-11,KALIANAK,KAL,3EXL,"235000"
PELABUHAN,SBY-11,KALIANAK,KAL,2EXL,"215000"
PELABUHAN,SBY-11,KALIMIRING MANYAR,MYG,2EXL,"230000"
PELABUHAN,SBY-11,KALIMIRING MANYAR,MYG,3EXL,"255000"
PELABUHAN,SBY-11,KIG MANYAR,KGG,2EXL,"399000"
PELABUHAN,SBY-11,KIG MANYAR,KGG,3EXL,"451000"
PELABUHAN,SBY-11,KLETEK,NHK,3EXL,"403000"
PELABUHAN,SBY-11,KLETEK,NHK,2EXL,"356000"
PELABUHAN,SBY-11,M MULYO,MMM,3EXL,"224000"
PELABUHAN,SBY-11,M MULYO,MMM,2EXL,"199000"
PELABUHAN,SBY-11,MALINDO,MWA,3EXL,"489000"
PELABUHAN,SBY-11,MALINDO,MWA,2EXL,"434000"
PELABUHAN,SBY-11,MANYAR,MYG,3EXL,"451000"
PELABUHAN,SBY-11,MANYAR,MYG,2EXL,"399000"
PELABUHAN,SBY-11,MASPION MANYAR,MSM,2EXL,"180000"
PELABUHAN,SBY-11,MASPION MANYAR,MSM,3EXL,"205000"
PELABUHAN,SBY-11,MBM SIDOREJO,MBM,2EXL,"398000"
PELABUHAN,SBY-11,MBM SIDOREJO,MBM,3EXL,"449000"
PELABUHAN,SBY-11,MOJOSARI,NHM,2EXL,"498000"
PELABUHAN,SBY-11,MOJOSARI,NHM,3EXL,"558000"
PELABUHAN,SBY-11,MURTI GRESIK,MUR,2EXL,"334000"
PELABUHAN,SBY-11,MURTI GRESIK,MUR,3EXL,"380000"
PELABUHAN,SBY-11,NEW HOPE,NHK,3EXL,"398000"
PELABUHAN,SBY-11,NEW HOPE,NHK,2EXL,"351000"
PELABUHAN,SBY-11,PANADIA,PND,3EXL,"209000"
PELABUHAN,SBY-11,PANADIA,PND,2EXL,"184000"
PELABUHAN,SBY-11,PANDAAN,PPD,3EXL,"554000"
PELABUHAN,SBY-11,PANDAAN,PPD,2EXL,"494000"
PELABUHAN,SBY-11,PASURUAN,PSR,3EXL,"554000"
PELABUHAN,SBY-11,PASURUAN,PSR,2EXL,"494000"
PELABUHAN,SBY-11,PIER KRATON,CGK,2EXL,"585000"
PELABUHAN,SBY-11,PIER KRATON,CGK,3EXL,"645000"
PELABUHAN,SBY-11,PP GEDANGAN,PPG,3EXL,"380000"
PELABUHAN,SBY-11,PP GEDANGAN,PPG,2EXL,"334000"
PELABUHAN,SBY-11,PP GEMPOL,MSG,2EXL,"494000"
PELABUHAN,SBY-11,PP GEMPOL,MSG,3EXL,"554000"
PELABUHAN,SBY-11,PUNGGING,DMP,2EXL,"494000"
PELABUHAN,SBY-11,PUNGGING,DMP,3EXL,"554000"
PELABUHAN,SBY-11,ROMO K,RMK,3EXL,"375000"
PELABUHAN,SBY-11,ROMO K,RMK,2EXL,"329000"
PELABUHAN,SBY-11,SEGER,SGR,3EXL,"555000"
PELABUHAN,SBY-11,SEGER,SGR,2EXL,"500000"
PELABUHAN,SBY-11,SIERAD,SRW,3EXL,"555000"
PELABUHAN,SBY-11,SIERAD,SRW,2EXL,"500000"
PELABUHAN,SBY-11,SPC TROSOBO,SPT,2EXL,"398000"
PELABUHAN,SBY-11,SPC TROSOBO,SPT,3EXL,"449000"
PELABUHAN,SBY-11,SRITI,SRT,3EXL,"585000"
PELABUHAN,SBY-11,SRITI,SRT,2EXL,"525000"
PELABUHAN,SBY-11,SUMARINDO,SMD,2EXL,"196000"
PELABUHAN,SBY-11,SUMARINDO,SMD,3EXL,"221000"
PELABUHAN,SBY-11,SUMBER ASIA,SAK,3EXL,"393000"
PELABUHAN,SBY-11,SUMBER ASIA,SAK,2EXL,"346000"
PELABUHAN,SBY-11,SURI MULIA,MMM,2EXL,"196000"
PELABUHAN,SBY-11,SURI MULIA,MMM,3EXL,"221000"
PELABUHAN,SBY-11,TB LANGON 16,TBL,2EXL,"216000"
PELABUHAN,SBY-11,TB LANGON 16,TBL,3EXL,"241000"
PELABUHAN,SBY-11,TB.SAWAH,TSW,2EXL,"450000"
PELABUHAN,SBY-11,TB.SAWAH,TSW,3EXL,"495000"
PELABUHAN,SBY-11,TJ BATU JU,TBJ,2EXL,"113000"
PELABUHAN,SBY-11,TJ BATU JU,TBJ,3EXL,"127000"
PELABUHAN,SBY-11,TJ. BATU,TGB,3EXL,"117000"
PELABUHAN,SBY-11,TJ. BATU,TGB,2EXL,"102000"
PELABUHAN,SBY-11,TROSOBO,SPT,3EXL,"525000"
PELABUHAN,SBY-11,TROSOBO,SPT,2EXL,"475000"
PELABUHAN,SBY-11,UNIGRAIN,SUI,2EXL,"475000"
PELABUHAN,SBY-11,UNIGRAIN,SUI,3EXL,"525000"
PELABUHAN,SBY-11,WILMAR,WMG,3EXL,"370000"
PELABUHAN,SBY-11,WILMAR,WMG,2EXL,"324000"
PELABUHAN,SBY-11,WIRIFA NGORO,WNM,2EXL,"635000"
PELABUHAN,SBY-11,WIRIFA NGORO,WNM,3EXL,"695000"
PELABUHAN,SBY-11,WONOKOYO,WKY,3EXL,"670000"
PELABUHAN,SBY-11,WONOKOYO,WKY,2EXL,"605000"
ANTAR GUDANG,SBY-64,ANTAR GD (LUAR LKS),AGL,2EXL,"70,500"
ANTAR GUDANG,SBY-64,ANTAR GD (LUAR LKS),AGL,3EXL,"75,500"
ANTAR GUDANG,SBY-63,ANTAR GD.ROMO,AGR,2EXL,"45000"
ANTAR GUDANG,SBY-63,ANTAR GD.ROMO,AGR,3EXL,"50000"
BYPASS,SBY-01,BYPAS-SPC RIT 1,SPT,2EXL,"450000"
BYPASS,SBY-01,BYPAS-SPC RIT 1,SPT,3EXL,"505000"
BYPASS,SBY-01,BYPAS-SPC RIT 2,SPT,2EXL,"210000"
BYPASS,SBY-01,BYPAS-SPC RIT 2,SPT,3EXL,"235000"
CASALAND,SBY-15,CASALAND-KRIAN 1,CIK,2EXL,"292000"
CASALAND,SBY-15,CASALAND-KRIAN 1,CIK,3EXL,"324000"
CASALAND,SBY-15,CASALAND-NEWHOPE,NHK,2EXL,"393000"
CASALAND,SBY-15,CASALAND-NEWHOPE,NHK,3EXL,0
CPIK,SBY-18,CPIK-CPIK ANTAR GD,CKG,2EXL,"150000"
CPIK,SBY-18,CPIK-CPIS RIT 1,CIS,2EXL,"292000"
CPIK,SBY-18,CPIK-CPIS RIT 1,CIS,3EXL,"324000"
CPIK,SBY-18,CPIK-CPIS RIT 2,CIS,2EXL,"161000"
CPIK,SBY-18,CPIK-CPIS RIT 2,CIS,3EXL,"179000"
CPIK,SBY-18,CPIK-G.COIN,GCM,3EXL,"461000"
CPIK,SBY-18,CPIK-G.COIN,GCM,2EXL,"410000"
CPI S,SBY-19,CPIS-CPIK RIT 1,CIK,2EXL,"292000"
CPI S,SBY-19,CPIS-CPIK RIT 1,CIK,3EXL,"324000"
CPI S,SBY-19,CPIS-CPIK RIT 2,CIK,2EXL,"161000"
CPI S,SBY-19,CPIS-CPIK RIT 2,CIK,3EXL,"179000"
CPI S,SBY-19,CPIS-ROMO,RMK,2EXL,"421000"
CPI S,SBY-19,CPIS-ROMO,RMK,3EXL,"468000"
GANTARI,SBY-37,GANTARI-TL16,TBL,2EXL,"334000"
GANTARI,SBY-37,GANTARI-TL16,TBL,3EXL,"380000"
GRESIK,SBY-38,GRESIK-HARUM ALAM (MYR),HAS,2EXL,"180000"
GRESIK,SBY-38,GRESIK-HARUM ALAM (MYR),HAS,3EXL,"205000"
GRESIK,SBY-38,GRESIK-ROMO,RMK,2EXL,"336000"
GRESIK,SBY-38,GRESIK-ROMO,RMK,3EXL,"382000"
INDOCMENT,SBY-39,INDOCMENT-GEMPOL RIT 1,MSG,2EXL,"730000"
INDOCMENT,SBY-39,INDOCMENT-GEMPOL RIT 1,MSG,3EXL,"795000"
INDOCMENT,SBY-39,INDOCMENT-GEMPOL RIT 2,MSG,2EXL,"605000"
INDOCMENT,SBY-39,INDOCMENT-GEMPOL RIT 2,MSG,3EXL,"670000"
INDOCMENT,SBY-39,INDOCMENT-MMULYO,MMM,2EXL,"414000"
INDOCMENT,SBY-39,INDOCMENT-MMULYO,MMM,3EXL,"469000"
INDOCMENT,SBY-39,INDOCMENT-PANDAAN,PPD,2EXL,"489000"
INDOCMENT,SBY-39,INDOCMENT-PANDAAN,PPD,3EXL,"549000"
INDOCMENT,SBY-39,INDOCMENT-W.KOYO (RIT 1),WKY,2EXL,"489000"
INDOCMENT,SBY-39,INDOCMENT-W.KOYO (RIT 1),WKY,3EXL,"674000"
INDOCMENT,SBY-39,INDOCMENT-W.KOYO (RIT 2),WKY,2EXL,"489000"
INDOCMENT,SBY-39,INDOCMENT-W.KOYO (RIT 2),WKY,3EXL,"549000"
JASATAMA,SBY-40,JASATAMA-ROMO,RMK,2EXL,"380000"
JASATAMA,SBY-40,JASATAMA-ROMO,RMK,3EXL,"425000"
JIPE,SBY-41,JIPE-MOJOSARI,NHM,2EXL,"748000"
JIPE,SBY-41,JIPE-MOJOSARI,NHM,3EXL,"808000"
KALIMAS,SBY-13,KALIMAS-ROMO,RMK,2EXL,"329000"
KALIMAS,SBY-13,KALIMAS-ROMO,RMK,3EXL,"375000"
KALIMIRING,SBY-42,KALIMIRING-MURTI,MUR,2EXL,"329000"
KALIMIRING,SBY-42,KALIMIRING-MURTI,MUR,3EXL,"375000"
KALIMIRING,SBY-42,KALIMIRING-ROMO,RMK,2EXL,"329000"
KALIMIRING,SBY-42,KALIMIRING-ROMO,RMK,3EXL,"375000"
KIAS,SBY-33,KIAS-FUGUI,FUG,2EXL,"98000"
KIAS,SBY-33,KIAS-FUGUI,FUG,3EXL,"105000"
KIG,SBY-17,KIG-CPIS,CIS,2EXL,"601000"
KIG,SBY-17,KIG-CPIS,CIS,3EXL,"648000"
KIG,SBY-17,KIG-GEDANGAN,PPG,2EXL,"584000"
KIG,SBY-17,KIG-GEDANGAN,PPG,3EXL,"630000"
KIG,SBY-17,KIG-INDOCMENT,SIK,2EXL,"669000"
KIG,SBY-17,KIG-INDOCMENT,SIK,3EXL,"724000"
KIG,SBY-17,KIG-KRIAN,CIK,2EXL,"648000"
KIG,SBY-17,KIG-KRIAN,CIK,3EXL,"699000"
KIG,SBY-17,KIG-MALINDO,MWA,2EXL,"689000"
KIG,SBY-17,KIG-MALINDO,MWA,3EXL,"744000"
KIG,SBY-17,KIG-MMULYO,MMM,2EXL,"349000"
KIG,SBY-17,KIG-MMULYO,MMM,3EXL,"396000"
KIG,SBY-17,KIG-MULTI PAKAN (JMBG),MPJ,2EXL,"1100000"
KIG,SBY-17,KIG-MULTI PAKAN (JMBG),MPJ,3EXL,"1133000"
KIG,SBY-17,KIG-MURTI,MUR,2EXL,"336000"
KIG,SBY-17,KIG-MURTI,MUR,3EXL,"382000"
KIG,SBY-17,KIG-NEW HOPE,NHK,2EXL,"601000"
KIG,SBY-17,KIG-NEW HOPE,NHK,3EXL,"648000"
KIG,SBY-17,KIG-ROMO,RMK,2EXL,"336000"
KIG,SBY-17,KIG-ROMO,RMK,3EXL,"382000"
KIG,SBY-17,KIG-TB LANGON,TBL,2EXL,"332000"
KIG,SBY-17,KIG-TB LANGON,TBL,3EXL,"378000"
KIG,SBY-17,KIG-TB.SAWAH,TSW,2EXL,"632000"
KIG,SBY-17,KIG-TB.SAWAH,TSW,3EXL,"679000"
KIG,SBY-17,KIG-WIRIFA,WNM,2EXL,"748000"
KIG,SBY-17,KIG-WIRIFA,WNM,3EXL,"808000"
KIG,SBY-17,KIG-WONOKOYO,WKY,3EXL,"804000"
KIG,SBY-17,KIG-WONOKOYO,WKY,2EXL,"744000"
KRIAN,SBY-43,KRIAN-MBM RIT 1,MBM,2EXL,"292000"
KRIAN,SBY-43,KRIAN-MBM RIT 1,MBM,3EXL,"324000"
KRIAN,SBY-43,KRIAN-MBM RIT 2,MBM,2EXL,"147000"
KRIAN,SBY-43,KRIAN-MBM RIT 2,MBM,3EXL,"162000"
KRIAN,SBY-43,KRIAN-MOJOSARI,,2EXL,0
KRIAN,SBY-43,KRIAN-MOJOSARI,NHM,3EXL,"300000"
KRIAN,SBY-43,KRIAN-ROMO,RMK,2EXL,"475000"
KRIAN,SBY-43,KRIAN-ROMO,RMK,3EXL,"526000"
KRIAN,SBY-43,KRIAN-W.KOYO,WKY,2EXL,"738000"
KRIAN,SBY-43,KRIAN-W.KOYO,WKY,3EXL,"828000"
MARGOMULYO,SBY-03,MMULYO-CARGIL,CGB,3EXL,"554000"
MARGOMULYO,SBY-03,MMULYO-CARGIL,CGB,2EXL,"494000"
MARGOMULYO,SBY-03,MMULYO-CARGIL PIER,CGK,2EXL,"585000"
MARGOMULYO,SBY-03,MMULYO-CARGIL PIER,CGK,3EXL,"645000"
MARGOMULYO,SBY-03,MMULYO-CPPS,CPS,3EXL,"398000"
MARGOMULYO,SBY-03,MMULYO-CPPS,CPS,2EXL,"351000"
MARGOMULYO,SBY-03,MMULYO-DUPAK,DPK,2EXL,"199000"
MARGOMULYO,SBY-03,MMULYO-DUPAK,DPK,3EXL,"224000"
MARGOMULYO,SBY-03,MMULYO-EAST NGORO,EHN,3EXL,"558000"
MARGOMULYO,SBY-03,MMULYO-EAST NGORO,EHN,2EXL,"498000"
MARGOMULYO,SBY-03,MMULYO-GEDANGAN,PPG,3EXL,"380000"
MARGOMULYO,SBY-03,MMULYO-GEDANGAN,PPG,2EXL,"334000"
MARGOMULYO,SBY-03,MMULYO-GEMPOL,MSG,2EXL,"494000"
MARGOMULYO,SBY-03,MMULYO-GEMPOL,MSG,3EXL,"554000"
MARGOMULYO,SBY-03,MMULYO-INDOCMENT,SIK,2EXL,"419000"
MARGOMULYO,SBY-03,MMULYO-INDOCMENT,SIK,3EXL,"474000"
MARGOMULYO,SBY-03,MMULYO-JAMRUD,JMR,2EXL,"199000"
MARGOMULYO,SBY-03,MMULYO-JAMRUD,JMR,3EXL,"224000"
MARGOMULYO,SBY-03,MMULYO-JCI SDA,JCS,3EXL,"449000"
MARGOMULYO,SBY-03,MMULYO-JCI SDA,JCS,2EXL,"398000"
MARGOMULYO,SBY-03,MMULYO-KRIAN,CIK,2EXL,"475000"
MARGOMULYO,SBY-03,MMULYO-KRIAN,CIK,3EXL,"525000"
MARGOMULYO,SBY-03,MMULYO-MALINDO,MWA,2EXL,"439000"
MARGOMULYO,SBY-03,MMULYO-MALINDO,MWA,3EXL,"494000"
MARGOMULYO,SBY-03,MMULYO-MMULYO,MMM,2EXL,"180000"
MARGOMULYO,SBY-03,MMULYO-MMULYO,MMM,3EXL,"205000"
MARGOMULYO,SBY-03,MMULYO-MMULYO,MMM,2EXL,"332000"
MARGOMULYO,SBY-03,MMULYO-MMULYO,MMM,3EXL,"378000"
MARGOMULYO,SBY-03,MMULYO-NEW HOPE,NHK,2EXL,"346000"
MARGOMULYO,SBY-03,MMULYO-NEW HOPE,NHK,3EXL,"393000"
MARGOMULYO,SBY-03,MMULYO-NGORO,EHN,3EXL,"553000"
MARGOMULYO,SBY-03,MMULYO-NGORO,EHN,2EXL,"493000"
MARGOMULYO,SBY-03,MMULYO-PAKINDO,PKJ,2EXL,"346000"
MARGOMULYO,SBY-03,MMULYO-PAKINDO,PKJ,3EXL,"393000"
MARGOMULYO,SBY-03,MMULYO-PANADIA,PND,2EXL,"180000"
MARGOMULYO,SBY-03,MMULYO-PANADIA,PND,3EXL,"205000"
MARGOMULYO,SBY-03,MMULYO-PANDAAN,PPD,2EXL,"489000"
MARGOMULYO,SBY-03,MMULYO-PANDAAN,PPD,3EXL,"549000"
MARGOMULYO,SBY-03,MMULYO-PUNGGING,DMP,2EXL,"494000"
MARGOMULYO,SBY-03,MMULYO-PUNGGING,DMP,3EXL,"554000"
MARGOMULYO,SBY-03,MMULYO-SAMSUNG PAS.,SMS,2EXL,"675000"
MARGOMULYO,SBY-03,MMULYO-SAMSUNG PAS.,SMS,3EXL,"708000"
MARGOMULYO,SBY-03,MMULYO-SEGER,SGR,3EXL,"489000"
MARGOMULYO,SBY-03,MMULYO-SEGER,SGR,2EXL,"434000"
MARGOMULYO,SBY-03,MMULYO-SIERAD,SRW,2EXL,"414000"
MARGOMULYO,SBY-03,MMULYO-SIERAD,SRW,3EXL,"469000"
MARGOMULYO,SBY-03,MMULYO-TB,TGB,3EXL,"221000"
MARGOMULYO,SBY-03,MMULYO-TB,TGB,2EXL,"196000"
MARGOMULYO,SBY-03,MMULYO-TB LANGON,TBL,2EXL,"180000"
MARGOMULYO,SBY-03,MMULYO-TB LANGON,TBL,3EXL,"205000"
MARGOMULYO,SBY-03,MMULYO-W.KOYO,WKY,3EXL,"549000"
MARGOMULYO,SBY-03,MMULYO-W.KOYO,WKY,2EXL,"489000"
MARGOMULYO,SBY-03,MMULYO-WIRIFA,WNM,3EXL,"393000"
MARGOMULYO,SBY-03,MMULYO-WIRIFA,WNM,2EXL,"346000"
MANYAR,SBY-44,MANYAR-INDOCMENT,SIK,2EXL,"664000"
MANYAR,SBY-44,MANYAR-INDOCMENT,SIK,3EXL,"719000"
MANYAR,SBY-44,MANYAR-JAMRUD,JMR,3EXL,"435000"
MANYAR,SBY-44,MANYAR-JAMRUD,JMR,2EXL,"383000"
MANYAR,SBY-44,MANYAR-JCI,JCS,2EXL,"643000"
MANYAR,SBY-44,MANYAR-JCI,JCS,3EXL,"694000"
MANYAR,SBY-44,MANYAR-ROMO,RMK,2EXL,"230000"
MANYAR,SBY-44,MANYAR-ROMO,RMK,3EXL,"258000"
MANYAR,SBY-44,MANYAR-SIANTAR,STT,2EXL,"627000"
MANYAR,SBY-44,MANYAR-SIANTAR,STT,3EXL,"674000"
MANYAR,SBY-44,MANYAR-W.KOYO,WKY,2EXL,"739000"
MANYAR,SBY-44,MANYAR-W.KOYO,WKY,3EXL,"799000"
MANYAR,SBY-44,MANYAR-WIRIFA,WNM,2EXL,"743000"
MANYAR,SBY-44,MANYAR-WIRIFA,WNM,3EXL,"803000"
MBM,SBY-45,MBM - KRIAN RIT 1,CIK,3EXL,"324000"
MBM,SBY-45,MBM - KRIAN RIT 1,CIK,2EXL,"292000"
MBM,SBY-45,MBM - KRIAN RIT 2,CIK,2EXL,"147000"
MBM,SBY-45,MBM - KRIAN RIT 2,CIK,3EXL,"162000"
MURTI,SBY-23,MURTI GRESIK,MUR,2EXL,"334000"
MURTI,SBY-23,MURTI GRESIK,MUR,3EXL,"380000"
MURTI,SBY-23,MURTI-INDOCMENT,SIK,2EXL,"494000"
MURTI,SBY-23,MURTI-INDOCMENT,SIK,3EXL,"549000"
MURTI,SBY-23,MURTI-NEWHOPE,NHK,2EXL,"426000"
MURTI,SBY-23,MURTI-NEWHOPE,NHK,3EXL,"473000"
MURTI,SBY-23,MURTI-PIER,CGK,2EXL,"660000"
MURTI,SBY-23,MURTI-PIER,CGK,3EXL,"720000"
MURTI,SBY-23,MURTI-SIANTAR,STT,2EXL,"457000"
MURTI,SBY-23,MURTI-SIANTAR,STT,3EXL,"504000"
MURTI,SBY-23,MURTI-SIERAD,SRW,2EXL,"494000"
MURTI,SBY-23,MURTI-SIERAD,SRW,3EXL,"549000"
MURTI,SBY-23,MURTI-SPJ,CIS,2EXL,"426000"
MURTI,SBY-23,MURTI-SPJ,CIS,3EXL,"473000"
MURTI,SBY-23,MURTI-STP MANYAR,STM,2EXL,"345000"
MURTI,SBY-23,MURTI-STP MANYAR,STM,3EXL,"391000"
NEW HOPE,SBY-34,NEWHOPE-MMULYO,MMM,2EXL,"351000"
NEW HOPE,SBY-34,NEWHOPE-MMULYO,MMM,3EXL,"398000"
P.GRESIK,SBY-12,P.GRESIK-CPIK,CIK,2EXL,"669000"
P.GRESIK,SBY-12,P.GRESIK-CPIK,CIK,3EXL,"724000"
P.GRESIK,SBY-12,PEL.GRESIK-ROMO,RMK,2EXL,"230000"
P.GRESIK,SBY-12,PEL.GRESIK-ROMO,RMK,3EXL,"258000"
P.MASPION,SBY-47,P.MASPION-FUGUI,FUG,3EXL,"205000"
P.MASPION,SBY-47,P.MASPION-FUGUI,FUG,2EXL,"180000"
PANADIA,SBY-48,PANADIA-MURTI,MUR,2EXL,"324000"
PANADIA,SBY-48,PANADIA-MURTI,MUR,3EXL,"370000"
PANADIA,SBY-48,PANADIA-TB,TGB,2EXL,"180000"
PANADIA,SBY-48,PANADIA-TB,TGB,3EXL,"205000"
PANADIA,SBY-48,PANADIA-TB.SAWAH,TSW,2EXL,"377000"
PANADIA,SBY-48,PANADIA-TB.SAWAH,TSW,3EXL,"424000"
PROBOLINGGO,SBY-49,PROBOLINGGO-KRIAN,CIK,3EXL,"958000"
PROBOLINGGO,SBY-49,PROBOLINGGO-KRIAN,CIK,2EXL,"925000"
PROBOLINGGO,SBY-49,PROBOLINGGO-SUMENGKO,SUM,3EXL,"958000"
PROBOLINGGO,SBY-49,PROBOLINGGO-SUMENGKO,SUM,2EXL,"925000"
PUNGGING,SBY-50,PUNGGING-MMULYO,MMM,2EXL,"494000"
PUNGGING,SBY-50,PUNGGING-MMULYO,MMM,3EXL,"554000"
ROMOKALISARI,SBY-02,ROMO-ANTA BOGA,ATB,2EXL,"421000"
ROMOKALISARI,SBY-02,ROMO-ANTA BOGA,ATB,3EXL,"468000"
ROMOKALISARI,SBY-02,ROMO-BETRO,EBG,2EXL,"411000"
ROMOKALISARI,SBY-02,ROMO-BETRO,EBG,3EXL,"457000"
ROMOKALISARI,SBY-02,ROMO-C.SORINI,SOR,3EXL,"708000"
ROMOKALISARI,SBY-02,ROMO-C.SORINI,SOR,2EXL,"658000"
ROMOKALISARI,SBY-02,ROMO-CARGIL,CGB,3EXL,"629000"
ROMOKALISARI,SBY-02,ROMO-CARGIL,CGB,2EXL,"569000"
ROMOKALISARI,SBY-02,ROMO-CASALAND,CSL,2EXL,"494000"
ROMOKALISARI,SBY-02,ROMO-CASALAND,CSL,3EXL,"549000"
ROMOKALISARI,SBY-02,ROMO-CJ PSURUAN,CJP,3EXL,"488000"
ROMOKALISARI,SBY-02,ROMO-CJ PSURUAN,CJP,2EXL,"755000"
ROMOKALISARI,SBY-02,ROMO-CPI SPJ,CIS,3EXL,"473000"
ROMOKALISARI,SBY-02,ROMO-CPI SPJ,CIS,2EXL,"426000"
ROMOKALISARI,SBY-02,ROMO-CPPS,CPS,2EXL,"426000"
ROMOKALISARI,SBY-02,ROMO-CPPS,CPS,3EXL,"473000"
ROMOKALISARI,SBY-02,ROMO-DUPAK,DPK,2EXL,"284000"
ROMOKALISARI,SBY-02,ROMO-DUPAK,DPK,3EXL,"309000"
ROMOKALISARI,SBY-02,ROMO-EAST HOPE,EHN,3EXL,"633000"
ROMOKALISARI,SBY-02,ROMO-EAST HOPE,EHN,2EXL,"573000"
ROMOKALISARI,SBY-02,ROMO-G.COIN,GCM,2EXL,"271000"
ROMOKALISARI,SBY-02,ROMO-G.COIN,GCM,3EXL,"296000"
ROMOKALISARI,SBY-02,ROMO-GEDANGAN,PPG,3EXL,"455000"
ROMOKALISARI,SBY-02,ROMO-GEDANGAN,PPG,2EXL,"409000"
ROMOKALISARI,SBY-02,ROMO-GEMPOL,MSG,3EXL,"629000"
ROMOKALISARI,SBY-02,ROMO-GEMPOL,MSG,2EXL,"569000"
ROMOKALISARI,SBY-02,ROMO-INDOCMENT,SIK,2EXL,"494000"
ROMOKALISARI,SBY-02,ROMO-INDOCMENT,SIK,3EXL,"549000"
ROMOKALISARI,SBY-02,ROMO-JAMRUD,JMR,2EXL,"336000"
ROMOKALISARI,SBY-02,ROMO-JAMRUD,JMR,3EXL,"382000"
ROMOKALISARI,SBY-02,ROMO-JCI,JCS,3EXL,"524000"
ROMOKALISARI,SBY-02,ROMO-JCI,JCS,2EXL,"473000"
ROMOKALISARI,SBY-02,ROMO-KRIAN,CIK,3EXL,"524000"
ROMOKALISARI,SBY-02,ROMO-KRIAN,CIK,2EXL,"473000"
ROMOKALISARI,SBY-02,ROMO-M.SUNGKONO,MSK,2EXL,"122000"
ROMOKALISARI,SBY-02,ROMO-M.SUNGKONO,MSK,3EXL,"137000"
ROMOKALISARI,SBY-02,ROMO-MALINDO,MWA,2EXL,"516000"
ROMOKALISARI,SBY-02,ROMO-MALINDO,MWA,3EXL,"571000"
ROMOKALISARI,SBY-02,ROMO-MANYAR,MYG,2EXL,"246000"
ROMOKALISARI,SBY-02,ROMO-MANYAR,MYG,3EXL,"274000"
ROMOKALISARI,SBY-02,ROMO-MIWON,MWG,2EXL,"421000"
ROMOKALISARI,SBY-02,ROMO-MIWON,MWG,3EXL,"468000"
ROMOKALISARI,SBY-02,ROMO-MMULYO,MMM,2EXL,"271000"
ROMOKALISARI,SBY-02,ROMO-MMULYO,MMM,3EXL,"296000"
ROMOKALISARI,SBY-02,ROMO-MOJOSARI,NHM,2EXL,"573000"
ROMOKALISARI,SBY-02,ROMO-MOJOSARI,NHM,3EXL,"633000"
ROMOKALISARI,SBY-02,ROMO-MULTI PAKAN,MPJ,2EXL,"925000"
ROMOKALISARI,SBY-02,ROMO-MULTI PAKAN,MPJ,3EXL,"958000"
ROMOKALISARI,SBY-02,ROMO-MURTI,MUR,2EXL,"129000"
ROMOKALISARI,SBY-02,ROMO-MURTI,MUR,3EXL,"144000"
ROMOKALISARI,SBY-02,ROMO-NEW HOPE,NHK,2EXL,"427000"
ROMOKALISARI,SBY-02,ROMO-NEW HOPE,NHK,3EXL,"475000"
ROMOKALISARI,SBY-02,ROMO-NGORO,NGO,3EXL,"633000"
ROMOKALISARI,SBY-02,ROMO-NGORO,NGO,2EXL,"573000"
ROMOKALISARI,SBY-02,ROMO-PANDAAN,PPD,3EXL,"633000"
ROMOKALISARI,SBY-02,ROMO-PANDAAN,PPD,2EXL,"573000"
ROMOKALISARI,SBY-02,ROMO-PIER,CGK,2EXL,"660000"
ROMOKALISARI,SBY-02,ROMO-PIER,CGK,3EXL,"720000"
ROMOKALISARI,SBY-02,ROMO-PUNGGING,DMP,2EXL,"567000"
ROMOKALISARI,SBY-02,ROMO-PUNGGING,DMP,3EXL,"627000"
ROMOKALISARI,SBY-02,ROMO-ROMO (MANNA),MRM,2EXL,"45000"
ROMOKALISARI,SBY-02,ROMO-ROMO (MANNA),MRM,3EXL,"50000"
ROMOKALISARI,SBY-02,ROMO-SEGER,SGR,3EXL,"569000"
ROMOKALISARI,SBY-02,ROMO-SEGER,SGR,2EXL,"514000"
ROMOKALISARI,SBY-02,ROMO-SEMARANG,SMR,3EXL,"2500000"
ROMOKALISARI,SBY-02,ROMO-SIDOARJO,JCS,2EXL,"426000"
ROMOKALISARI,SBY-02,ROMO-SIDOARJO,JCS,3EXL,"473000"
ROMOKALISARI,SBY-02,ROMO-SIERAD,SRW,3EXL,"549000"
ROMOKALISARI,SBY-02,ROMO-SIERAD,SRW,2EXL,"494000"
ROMOKALISARI,SBY-02,ROMO-SPC,SPT,2EXL,"473000"
ROMOKALISARI,SBY-02,ROMO-SPC,SPT,3EXL,"524000"
ROMOKALISARI,SBY-02,ROMO-SUI,SUI,2EXL,"473000"
ROMOKALISARI,SBY-02,ROMO-SUI,SUI,3EXL,"524000"
ROMOKALISARI,SBY-02,ROMO-TAMAN,TMN,2EXL,"426000"
ROMOKALISARI,SBY-02,ROMO-TAMAN,TMN,3EXL,"473000"
ROMOKALISARI,SBY-02,ROMO-TB,TGB,2EXL,"324000"
ROMOKALISARI,SBY-02,ROMO-TB,TGB,3EXL,"370000"
ROMOKALISARI,SBY-02,ROMO-TB LANGON,TBL,2EXL,"271000"
ROMOKALISARI,SBY-02,ROMO-TB LANGON,TBL,3EXL,"296000"
ROMOKALISARI,SBY-02,ROMO-TB.SAWAH,TSW,2EXL,"457000"
ROMOKALISARI,SBY-02,ROMO-TB.SAWAH,TSW,3EXL,"504000"
ROMOKALISARI,SBY-02,ROMO-VIDER,VDR,3EXL,"468000"
ROMOKALISARI,SBY-02,ROMO-VIDER,VDR,2EXL,"421000"
ROMOKALISARI,SBY-02,ROMO-W.ANOM,MWA,3EXL,"569000"
ROMOKALISARI,SBY-02,ROMO-W.ANOM,MWA,2EXL,"514000"
ROMOKALISARI,SBY-02,ROMO-W.GUNUNG,SWG,2EXL,"404000"
ROMOKALISARI,SBY-02,ROMO-W.GUNUNG,SWG,3EXL,"450000"
ROMOKALISARI,SBY-02,ROMO-WIRIFA,WNM,3EXL,"633000"
ROMOKALISARI,SBY-02,ROMO-WIRIFA,WNM,2EXL,"573000"
ROMOKALISARI,SBY-02,ROMO-WONOAYU,SRW,2EXL,"494000"
ROMOKALISARI,SBY-02,ROMO-WONOAYU,SRW,3EXL,"549000"
ROMOKALISARI,SBY-02,ROMO-WONOKOYO,WKY,2EXL,"569000"
ROMOKALISARI,SBY-02,ROMO-WONOKOYO,WKY,3EXL,"629000"
SEGER,SBY-51,SEGER-JCI SDA,JCS,2EXL,"434000"
SEGER,SBY-51,SEGER-JCI SDA,JCS,3EXL,"489000"
SIANTAR,SBY-52,SIANTAR-MMULYO,MMM,2EXL,"377000"
SIANTAR,SBY-52,SIANTAR-MMULYO,MMM,3EXL,"424000"
SIANTAR,SBY-52,SIANTAR-NEWHOPE,NHK,2EXL,"346000"
SIANTAR,SBY-52,SIANTAR-NEWHOPE,NHK,3EXL,"393000"
SIANTAR,SBY-52,SIANTAR-NGORO,NGO,2EXL,"493000"
SIANTAR,SBY-52,SIANTAR-NGORO,NGO,3EXL,"553000"
SIANTAR,SBY-52,SIANTAR-SIERAD,SRW,3EXL,"469000"
SIANTAR,SBY-52,SIANTAR-SIERAD,SRW,2EXL,"414000"
SORINI,SBY-53,SORINI-BLITAR,BLT,2EXL,"1855000"
SORINI,SBY-53,SORINI-BLITAR,BLT,3EXL,"1955000"
SORINI,SBY-53,SORINI-GEROBOKAN,GRB,2EXL,"2780000"
SORINI,SBY-53,SORINI-GEROBOKAN,GRB,3EXL,"2880000"
SORINI,SBY-53,SORINI-LAWANG,LWG,2EXL,"980000"
SORINI,SBY-53,SORINI-LAWANG,LWG,3EXL,"1080000"
SORINI,SBY-53,SORINI-SINAR GEDANGAN,BAG,2EXL,"850000"
SORINI,SBY-53,SORINI-SINAR GEDANGAN,BAG,3EXL,"950000"
SORINI,SBY-53,SORINI-WIRIFA,WNM,3EXL,"950000"
SORINI,SBY-53,SORINI-WIRIFA,WNM,2EXL,"850000"
SPC,SBY-54,SPC-P.MANYAR,PMR,2EXL,"483000"
SPC,SBY-54,SPC-P.MANYAR,PMR,3EXL,"535000"
SPC,SBY-54,SPC-W.KOYO RIT 1,WKY,2EXL,"589000"
SPC,SBY-54,SPC-W.KOYO RIT 1,WKY,3EXL,"649000"
SPC,SBY-54,SPC-W.KOYO RIT 2,WKY,2EXL,"489000"
SPC,SBY-54,SPC-W.KOYO RIT 2,WKY,3EXL,"549000"
SUI,SBY-09,SUI-C.PANDAAN,PPD,2EXL,"550000"
SUI,SBY-09,SUI-C.PANDAAN,PPD,3EXL,"550000"
SEPANJANG,,SPJ-EAST HOPE,EHN,3EXL,"553000"
SEPANJANG,,SPJ-EAST HOPE,EHN,2EXL,"493000"
SUSANTI,,SUSANTI-SPC,SPT,2EXL,"393000"
SUSANTI,,SUSANTI-SPC,SPT,3EXL,"444000"
T.LANGON,SBY-04,T.LANGON-JAMRUD,JMR,2EXL,"196000"
T.LANGON,SBY-04,T.LANGON-JAMRUD,JMR,3EXL,"221000"
T.LANGON,SBY-04,T.LANGON-KRIAN,CIK,2EXL,"393000"
T.LANGON,SBY-04,T.LANGON-KRIAN,CIK,3EXL,"444000"
T.LANGON,SBY-04,T.LANGON-SIANTAR,STT,3EXL,"424000"
T.LANGON,SBY-04,T.LANGON-SIANTAR,STT,2EXL,"377000"
T.LANGON,SBY-04,T.LANGON-SPJ,CIS,2EXL,"377000"
T.LANGON,SBY-04,T.LANGON-SPJ,CIS,3EXL,"424000"
T.LANGON,SBY-04,T.LANGON-T.LANGON,TBL,3EXL,"221000"
T.LANGON,SBY-04,T.LANGON-T.LANGON,TBL,2EXL,"196000"
T.LANGON,SBY-04,TB.LANGON-INDOCMENT,SIK,2EXL,"414000"
T.LANGON,SBY-04,TB.LANGON-INDOCMENT,SIK,3EXL,"469000"
T.LANGON,SBY-04,TL-EAST HOPE,EHN,3EXL,"553000"
T.LANGON,SBY-04,TL-EAST HOPE,EHN,2EXL,"493000"
T.LANGON,SBY-04,TL-GEDANGAN,PPG,2EXL,"334000"
T.LANGON,SBY-04,TL-GEDANGAN,PPG,3EXL,"380000"
T.LANGON,SBY-04,TL-GEMPOL,MSG,2EXL,"494000"
T.LANGON,SBY-04,TL-GEMPOL,MSG,3EXL,"554000"
T.LANGON,SBY-04,TL-KALIANAK,KAL,2EXL,"180000"
T.LANGON,SBY-04,TL-KALIANAK,KAL,3EXL,"205000"
T.LANGON,SBY-04,TL-MMULYO,MMM,2EXL,"196000"
T.LANGON,SBY-04,TL-MMULYO,MMM,3EXL,"221000"
T.LANGON,SBY-04,TL-NEW HOPE,NHK,2EXL,"415000"
T.LANGON,SBY-04,TL-NEW HOPE,NHK,3EXL,"460000"
T.LANGON,SBY-04,TL-TB.SAWAH,TSW,2EXL,"377000"
T.LANGON,SBY-04,TL-TB.SAWAH,TSW,3EXL,"424000"
T.LANGON,SBY-04,TL-WONOKOYO,WKY,2EXL,"489000"
T.LANGON,SBY-04,TL-WONOKOYO,WKY,3EXL,"549000"
TL.22,SBY-59,TL 22-C.SORINI,SOR,3EXL,"810000"
TL.22,SBY-59,TL 22-C.SORINI,SOR,2EXL,"735000"
TROSOBO,SBY-08,TROSOBO-JAMRUD,JMR,3EXL,"444000"
TROSOBO,SBY-08,TROSOBO-JAMRUD,JMR,2EXL,"393000"
GD.TULUS,,TULUS-C.SORINI,SOR,2EXL,"735000"
GD.TULUS,,TULUS-C.SORINI,SOR,3EXL,"810000"
W.GUNUNG,,W.GUNUNG-JAMRUD,JMR,2EXL,"336000"
W.GUNUNG,,W.GUNUNG-JAMRUD,JMR,3EXL,"382000"
PEL. JAMRUD (TJ.PERAK),SBY-10,ABBA SPJ,ABS,Semi,340000
PEL. JAMRUD (TJ.PERAK),SBY-10,ABBA SPJ,ABS,LD,380000
PEL. JAMRUD (TJ.PERAK),SBY-10,BLITAR,BLT,Semi,1250000
PEL. JAMRUD (TJ.PERAK),SBY-10,BLITAR,BLT,LD,1325000
PEL. JAMRUD (TJ.PERAK),SBY-10,BRONDONG (LAMONGAN),LMG,Semi,770000
PEL. JAMRUD (TJ.PERAK),SBY-10,BRONDONG (LAMONGAN),LMG,LD,815000
PEL. JAMRUD (TJ.PERAK),SBY-10,CARGILL BEJI,CGB,Semi,490000
PEL. JAMRUD (TJ.PERAK),SBY-10,CARGILL BEJI,CGB,LD,555000
PEL. JAMRUD (TJ.PERAK),SBY-10,CARGILL PIER KRATON,CGK,Semi,510000
PEL. JAMRUD (TJ.PERAK),SBY-10,CARGILL PIER KRATON,CGK,LD,565000
PEL. JAMRUD (TJ.PERAK),SBY-10,CASALAND,CSL,Semi,339000
PEL. JAMRUD (TJ.PERAK),SBY-10,CASALAND,CSL,LD,394000
PEL. JAMRUD (TJ.PERAK),SBY-10,CJI JOMBANG,CJJ,Semi,680000
PEL. JAMRUD (TJ.PERAK),SBY-10,CJI JOMBANG,CJJ,LD,770000
PEL. JAMRUD (TJ.PERAK),SBY-10,CPI KRIAN,CIK,Semi,385000
PEL. JAMRUD (TJ.PERAK),SBY-10,CPI KRIAN,CIK,LD,435000
PEL. JAMRUD (TJ.PERAK),SBY-10,CPI SPJ,CIS,Semi,340000
PEL. JAMRUD (TJ.PERAK),SBY-10,CPI SPJ,CIS,LD,380000
PEL. JAMRUD (TJ.PERAK),SBY-10,CPP DUPAK,CPD,Semi,200000
PEL. JAMRUD (TJ.PERAK),SBY-10,CPP DUPAK,CPD,LD,220000
PEL. JAMRUD (TJ.PERAK),SBY-10,CPP SPJ,CPS,Semi,340000
PEL. JAMRUD (TJ.PERAK),SBY-10,CPP SPJ,CPS,LD,380000
PEL. JAMRUD (TJ.PERAK),SBY-10,DARMOSUGONDO,DSG,Semi,278000
PEL. JAMRUD (TJ.PERAK),SBY-10,DARMOSUGONDO,DSG,LD,333000
PEL. JAMRUD (TJ.PERAK),SBY-10,DMC PUNGGING,DMP,Semi,505000
PEL. JAMRUD (TJ.PERAK),SBY-10,DMC PUNGGING,DMP,LD,570000
PEL. JAMRUD (TJ.PERAK),SBY-10,EAST HOPE NGORO,EHN,Semi,510000
PEL. JAMRUD (TJ.PERAK),SBY-10,EAST HOPE NGORO,EHN,LD,575000
PEL. JAMRUD (TJ.PERAK),SBY-10,GOLD COIN,GCM,Semi,215000
PEL. JAMRUD (TJ.PERAK),SBY-10,GOLD COIN,GCM,LD,240000
PEL. JAMRUD (TJ.PERAK),SBY-10,GD. SUBUR,SBK,Semi,322000
PEL. JAMRUD (TJ.PERAK),SBY-10,GD. SUBUR,SBK,LD,377000
PEL. JAMRUD (TJ.PERAK),SBY-10,GEDANGAN,PPG,Semi,325000
PEL. JAMRUD (TJ.PERAK),SBY-10,GEDANGAN,PPG,LD,365000
PEL. JAMRUD (TJ.PERAK),SBY-10,HAIDA KRATON,KRI,Semi,510000
PEL. JAMRUD (TJ.PERAK),SBY-10,HAIDA KRATON,KRI,LD,565000
PEL. JAMRUD (TJ.PERAK),SBY-10,S.INDOCHEM,SIK,Semi,420000
PEL. JAMRUD (TJ.PERAK),SBY-10,S.INDOCHEM,SIK,LD,470000
PEL. JAMRUD (TJ.PERAK),SBY-10,KALIMAS,KMS,Semi,77000
PEL. JAMRUD (TJ.PERAK),SBY-10,KALIMAS,KMS,LD,80000
PEL. JAMRUD (TJ.PERAK),SBY-10,JCI MARGO,JCM,Semi,156000
PEL. JAMRUD (TJ.PERAK),SBY-10,JCI MARGO,JCM,LD,184000
PEL. JAMRUD (TJ.PERAK),SBY-10,JCI BUDURAN,JCB,Semi,380000
PEL. JAMRUD (TJ.PERAK),SBY-10,JCI BUDURAN,JCB,LD,430000
PEL. JAMRUD (TJ.PERAK),SBY-10,JCI GEDANGAN,JCG,Semi,380000
PEL. JAMRUD (TJ.PERAK),SBY-10,JCI GEDANGAN,JCG,LD,430000
PEL. JAMRUD (TJ.PERAK),SBY-10,KIG,KGG,Semi,324000
PEL. JAMRUD (TJ.PERAK),SBY-10,KIG,KGG,LD,379000
PEL. JAMRUD (TJ.PERAK),SBY-10,MALINDO,MWA,Semi,445000
PEL. JAMRUD (TJ.PERAK),SBY-10,MALINDO,MWA,LD,490000
PEL. JAMRUD (TJ.PERAK),SBY-10,MARGO 20,MGM,Semi,156000
PEL. JAMRUD (TJ.PERAK),SBY-10,MARGO 20,MGM,LD,184000
PEL. JAMRUD (TJ.PERAK),SBY-10,MARGO 61,MGM,Semi,156000
PEL. JAMRUD (TJ.PERAK),SBY-10,MARGO 61,MGM,LD,184000
PEL. JAMRUD (TJ.PERAK),SBY-10,MARGO INDAH,MGM,Semi,156000
PEL. JAMRUD (TJ.PERAK),SBY-10,MARGO INDAH,MGM,LD,184000
PEL. JAMRUD (TJ.PERAK),SBY-10,MPJS JOMBANG,MPJ,Semi,860000
PEL. JAMRUD (TJ.PERAK),SBY-10,MPJS JOMBANG,MPJ,LD,970000
PEL. JAMRUD (TJ.PERAK),SBY-10,MS GEMPOL,MSG,Semi,420000
PEL. JAMRUD (TJ.PERAK),SBY-10,MS GEMPOL,MSG,LD,474000
PEL. JAMRUD (TJ.PERAK),SBY-10,MS MARGO,MMM,Semi,156000
PEL. JAMRUD (TJ.PERAK),SBY-10,MS MARGO,MMM,LD,184000
PEL. JAMRUD (TJ.PERAK),SBY-10,MURTI,MUR,Semi,258000
PEL. JAMRUD (TJ.PERAK),SBY-10,MURTI,MUR,LD,317000
PEL. JAMRUD (TJ.PERAK),SBY-10,NEW HOPE KLETEK,NHK,Semi,340000
PEL. JAMRUD (TJ.PERAK),SBY-10,NEW HOPE KLETEK,NHK,LD,380000
PEL. JAMRUD (TJ.PERAK),SBY-10,NEW HOPE MOJOSARI,NHM,Semi,424000
PEL. JAMRUD (TJ.PERAK),SBY-10,NEW HOPE MOJOSARI,NHM,LD,478000
PEL. JAMRUD (TJ.PERAK),SBY-10,PAKINDO,PKJ,Semi,276000
PEL. JAMRUD (TJ.PERAK),SBY-10,PAKINDO,PKJ,LD,331000
PEL. JAMRUD (TJ.PERAK),SBY-10,PANDAAN,PPD,Semi,490000
PEL. JAMRUD (TJ.PERAK),SBY-10,PANDAAN,PPD,LD,555000
PEL. JAMRUD (TJ.PERAK),SBY-10,PARE KEDIRI,PPM,Semi,1000000
PEL. JAMRUD (TJ.PERAK),SBY-10,PARE KEDIRI,PPM,LD,1075000
PEL. JAMRUD (TJ.PERAK),SBY-10,GD. ROMO,RMK,Semi,310000
PEL. JAMRUD (TJ.PERAK),SBY-10,GD. ROMO,RMK,LD,350000
PEL. JAMRUD (TJ.PERAK),SBY-10,S.UNIGRAIN,SUK,Semi,322000
PEL. JAMRUD (TJ.PERAK),SBY-10,S.UNIGRAIN,SUK,LD,377000
PEL. JAMRUD (TJ.PERAK),SBY-10,SEGER,SGR,Semi,359000
PEL. JAMRUD (TJ.PERAK),SBY-10,SEGER,SGR,LD,414000
PEL. JAMRUD (TJ.PERAK),SBY-10,SIANTAR TOP,STT,Semi,365000
PEL. JAMRUD (TJ.PERAK),SBY-10,SIANTAR TOP,STT,LD,410000
PEL. JAMRUD (TJ.PERAK),SBY-10,SPC,SPT,Semi,322000
PEL. JAMRUD (TJ.PERAK),SBY-10,SPC,SPT,LD,377000
PEL. JAMRUD (TJ.PERAK),SBY-10,SREEYA,SRW,Semi,410000
PEL. JAMRUD (TJ.PERAK),SBY-10,SREEYA,SRW,LD,460000
PEL. JAMRUD (TJ.PERAK),SBY-10,STP MANYAR,STM,Semi,324000
PEL. JAMRUD (TJ.PERAK),SBY-10,STP MANYAR,STM,LD,379000
PEL. JAMRUD (TJ.PERAK),SBY-10,SURYA GRAIN,SGK,Semi,322000
PEL. JAMRUD (TJ.PERAK),SBY-10,SURYA GRAIN,SGK,LD,377000
PEL. JAMRUD (TJ.PERAK),SBY-10,TAMBAK SAWAH,TBS,Semi,365000
PEL. JAMRUD (TJ.PERAK),SBY-10,TAMBAK SAWAH,TBS,LD,410000
PEL. JAMRUD (TJ.PERAK),SBY-10,TANJUNG BATU,TGB,Semi,105555
PEL. JAMRUD (TJ.PERAK),SBY-10,TANJUNG BATU,TGB,LD,115000
PEL. JAMRUD (TJ.PERAK),SBY-10,TAMBAK LANGON 16,TBL,Semi,195000
PEL. JAMRUD (TJ.PERAK),SBY-10,TAMBAK LANGON 16,TBL,LD,220000
PEL. JAMRUD (TJ.PERAK),SBY-10,TAMBAK LANGON 22,TBL,Semi,156000
PEL. JAMRUD (TJ.PERAK),SBY-10,TAMBAK LANGON 22,TBL,LD,184000
PEL. JAMRUD (TJ.PERAK),SBY-10,TAMBAK LANGON 28,TBL,Semi,156000
PEL. JAMRUD (TJ.PERAK),SBY-10,TAMBAK LANGON 28,TBL,LD,184000
PEL. JAMRUD (TJ.PERAK),SBY-10,WARUGUNUNG,SWG,Semi,251000
PEL. JAMRUD (TJ.PERAK),SBY-10,WARUGUNUNG,SWG,LD,310000
PEL. JAMRUD (TJ.PERAK),SBY-10,WIRIFA NGORO,WNM,Semi,510000
PEL. JAMRUD (TJ.PERAK),SBY-10,WIRIFA NGORO,WNM,LD,575000
PEL. JAMRUD (TJ.PERAK),SBY-10,WONOKOYO,WKY,Semi,490000
PEL. JAMRUD (TJ.PERAK),SBY-10,WONOKOYO,WKY,LD,555000
PEL. TELUK LAMONG (TTL),SBY-07,TTL - ABBA SPJ,ABS,Semi,415000
PEL. TELUK LAMONG (TTL),SBY-07,TTL - ABBA SPJ,ABS,LD,455000
PEL. TELUK LAMONG (TTL),SBY-07,TTL - BLITAR,BLT,Semi,1325000
PEL. TELUK LAMONG (TTL),SBY-07,TTL - BLITAR,BLT,LD,1400000
PEL. TELUK LAMONG (TTL),SBY-07,TTL - CARGILL BEJI,CGB,Semi,565000
PEL. TELUK LAMONG (TTL),SBY-07,TTL - CARGILL BEJI,CGB,LD,630000
PEL. TELUK LAMONG (TTL),SBY-07,TTL - CARGILL PIER KRATON,CGK,Semi,588000
PEL. TELUK LAMONG (TTL),SBY-07,TTL - CARGILL PIER KRATON,CGK,LD,643000
PEL. TELUK LAMONG (TTL),SBY-07,TTL - CASALAND,CSL,Semi,417000
PEL. TELUK LAMONG (TTL),SBY-07,TTL - CASALAND,CSL,LD,472000
PEL. TELUK LAMONG (TTL),SBY-07,TTL - CJI JOMBANG,CJJ,Semi,755000
PEL. TELUK LAMONG (TTL),SBY-07,TTL - CJI JOMBANG,CJJ,LD,845000
PEL. TELUK LAMONG (TTL),SBY-07,TTL - CPI KRIAN,CIK,Semi,460000
PEL. TELUK LAMONG (TTL),SBY-07,TTL - CPI KRIAN,CIK,LD,510000
PEL. TELUK LAMONG (TTL),SBY-07,TTL - CPI SPJ,CIS,Semi,415000
PEL. TELUK LAMONG (TTL),SBY-07,TTL - CPI SPJ,CIS,LD,455000
PEL. TELUK LAMONG (TTL),SBY-07,TTL - CPP DUPAK,CPD,Semi,310000
PEL. TELUK LAMONG (TTL),SBY-07,TTL - CPP DUPAK,CPD,LD,350000
PEL. TELUK LAMONG (TTL),SBY-07,TTL - CPP SPJ,CPS,Semi,415000
PEL. TELUK LAMONG (TTL),SBY-07,TTL - CPP SPJ,CPS,LD,455000
PEL. TELUK LAMONG (TTL),SBY-07,TTL - DARMOSUGONDO,DSG,Semi,185000
PEL. TELUK LAMONG (TTL),SBY-07,TTL - DARMOSUGONDO,DSG,LD,210000
PEL. TELUK LAMONG (TTL),SBY-07,TTL - DMC PUNGGING,DMP,Semi,580000
PEL. TELUK LAMONG (TTL),SBY-07,TTL - DMC PUNGGING,DMP,LD,645000
PEL. TELUK LAMONG (TTL),SBY-07,TTL - EAST HOPE NGORO,EHN,Semi,585000
PEL. TELUK LAMONG (TTL),SBY-07,TTL - EAST HOPE NGORO,EHN,LD,650000
PEL. TELUK LAMONG (TTL),SBY-07,TTL - GD. SUBUR,SBK,Semi,400000
PEL. TELUK LAMONG (TTL),SBY-07,TTL - GD. SUBUR,SBK,LD,455000
PEL. TELUK LAMONG (TTL),SBY-07,TTL - GOLD COIN,GCM,Semi,215000
PEL. TELUK LAMONG (TTL),SBY-07,TTL - GOLD COIN,GCM,LD,240000
PEL. TELUK LAMONG (TTL),SBY-07,TTL - GEDANGAN,PPG,Semi,400000
PEL. TELUK LAMONG (TTL),SBY-07,TTL - GEDANGAN,PPG,LD,440000
PEL. TELUK LAMONG (TTL),SBY-07,TTL - HAIDA KRATON,HKR,Semi,588000
PEL. TELUK LAMONG (TTL),SBY-07,TTL - HAIDA KRATON,HKR,LD,643000
PEL. TELUK LAMONG (TTL),SBY-07,TTL - S.INDOCHEM,SIK,Semi,495000
PEL. TELUK LAMONG (TTL),SBY-07,TTL - S.INDOCHEM,SIK,LD,545000
PEL. TELUK LAMONG (TTL),SBY-07,TTL - JCI MARGO,JCM,Semi,160000
PEL. TELUK LAMONG (TTL),SBY-07,TTL - JCI MARGO,JCM,LD,188000
PEL. TELUK LAMONG (TTL),SBY-07,TTL - JCI BUDURAN,JCB,Semi,455000
PEL. TELUK LAMONG (TTL),SBY-07,TTL - JCI BUDURAN,JCB,LD,505000
PEL. TELUK LAMONG (TTL),SBY-07,TTL - KEDAMEAN (GARDA),SGK,Semi,437000
PEL. TELUK LAMONG (TTL),SBY-07,TTL - KEDAMEAN (GARDA),SGK,LD,492000
PEL. TELUK LAMONG (TTL),SBY-07,TTL - KIG,KGG,Semi,300000
PEL. TELUK LAMONG (TTL),SBY-07,TTL - KIG,KGG,LD,360000
PEL. TELUK LAMONG (TTL),SBY-07,TTL - MALINDO,MWA,Semi,520000
PEL. TELUK LAMONG (TTL),SBY-07,TTL - MALINDO,MWA,LD,565000
PEL. TELUK LAMONG (TTL),SBY-07,TTL - MARGO 20,MGM,Semi,156000
PEL. TELUK LAMONG (TTL),SBY-07,TTL - MARGO 20,MGM,LD,184000
PEL. TELUK LAMONG (TTL),SBY-07,TTL - MARGO 61,MGM,Semi,156000
PEL. TELUK LAMONG (TTL),SBY-07,TTL - MARGO 61,MGM,LD,184000
PEL. TELUK LAMONG (TTL),SBY-07,TTL - MARGO INDAH,MGM,Semi,156000
PEL. TELUK LAMONG (TTL),SBY-07,TTL - MARGO INDAH,MGM,LD,184000
PEL. TELUK LAMONG (TTL),SBY-07,TTL - MARGO PERMAI,MGP,Semi,176000
PEL. TELUK LAMONG (TTL),SBY-07,TTL - MARGO PERMAI,MGP,LD,204000
PEL. TELUK LAMONG (TTL),SBY-07,TTL - MPJS JOMBANG,MPJ,Semi,935000
PEL. TELUK LAMONG (TTL),SBY-07,TTL - MPJS JOMBANG,MPJ,LD,1045000
PEL. TELUK LAMONG (TTL),SBY-07,TTL - MS GEMPOL,MSG,Semi,498000
PEL. TELUK LAMONG (TTL),SBY-07,TTL - MS GEMPOL,MSG,LD,552000
PEL. TELUK LAMONG (TTL),SBY-07,TTL - MS MARGO,MMM,Semi,156000
PEL. TELUK LAMONG (TTL),SBY-07,TTL - MS MARGO,MMM,LD,184000
PEL. TELUK LAMONG (TTL),SBY-07,TTL - MURTI,MUR,Semi,185000
PEL. TELUK LAMONG (TTL),SBY-07,TTL - MURTI,MUR,LD,210000
PEL. TELUK LAMONG (TTL),SBY-07,TTL - NEW HOPE KLETEK,NHK,Semi,415000
PEL. TELUK LAMONG (TTL),SBY-07,TTL - NEW HOPE KLETEK,NHK,LD,455000
PEL. TELUK LAMONG (TTL),SBY-07,TTL - NEWHOPE MOJOSARI,NHM,Semi,502000
PEL. TELUK LAMONG (TTL),SBY-07,TTL - NEWHOPE MOJOSARI,NHM,LD,556000
PEL. TELUK LAMONG (TTL),SBY-07,TTL - PAKINDO,PKJ,Semi,354000
PEL. TELUK LAMONG (TTL),SBY-07,TTL - PAKINDO,PKJ,LD,409000
PEL. TELUK LAMONG (TTL),SBY-07,TTL - PANDAAN,PPD,Semi,565000
PEL. TELUK LAMONG (TTL),SBY-07,TTL - PANDAAN,PPD,LD,630000
PEL. TELUK LAMONG (TTL),SBY-07,TTL - PARE KEDIRI,PPM,Semi,1083000
PEL. TELUK LAMONG (TTL),SBY-07,TTL - PARE KEDIRI,PPM,LD,1158000
PEL. TELUK LAMONG (TTL),SBY-07,TTL - GD. ROMO,RMK,Semi,170000
PEL. TELUK LAMONG (TTL),SBY-07,TTL - GD. ROMO,RMK,LD,190000
PEL. TELUK LAMONG (TTL),SBY-07,TTL - S.UNIGRAIN,SUK,Semi,400000
PEL. TELUK LAMONG (TTL),SBY-07,TTL - S.UNIGRAIN,SUK,LD,455000
PEL. TELUK LAMONG (TTL),SBY-07,TTL - SEGER,SGR,Semi,437000
PEL. TELUK LAMONG (TTL),SBY-07,TTL - SEGER,SGR,LD,492000
PEL. TELUK LAMONG (TTL),SBY-07,TTL - SIANTAR TOP,STT,Semi,440000
PEL. TELUK LAMONG (TTL),SBY-07,TTL - SIANTAR TOP,STT,LD,485000
PEL. TELUK LAMONG (TTL),SBY-07,TTL - SPC,SPT,Semi,400000
PEL. TELUK LAMONG (TTL),SBY-07,TTL - SPC,SPT,LD,455000
PEL. TELUK LAMONG (TTL),SBY-07,TTL - SREEYA,SRW,Semi,485000
PEL. TELUK LAMONG (TTL),SBY-07,TTL - SREEYA,SRW,LD,535000
PEL. TELUK LAMONG (TTL),SBY-07,TTL - STP MANYAR,STM,Semi,261000
PEL. TELUK LAMONG (TTL),SBY-07,TTL - STP MANYAR,STM,LD,320000
PEL. TELUK LAMONG (TTL),SBY-07,TTL - SURYA GRAIN,SGK,Semi,400000
PEL. TELUK LAMONG (TTL),SBY-07,TTL - SURYA GRAIN,SGK,LD,455000
PEL. TELUK LAMONG (TTL),SBY-07,TTL - TAMBAK SAWAH,TSW,Semi,385000
PEL. TELUK LAMONG (TTL),SBY-07,TTL - TAMBAK SAWAH,TSW,LD,440000
PEL. TELUK LAMONG (TTL),SBY-07,TTL - TANJUNG BATU,TGB,Semi,310000
PEL. TELUK LAMONG (TTL),SBY-07,TTL - TANJUNG BATU,TGB,LD,350000
PEL. TELUK LAMONG (TTL),SBY-07,TTL - TAMBAK LANGON 16,TBL,Semi,185000
PEL. TELUK LAMONG (TTL),SBY-07,TTL - TAMBAK LANGON 16,TBL,LD,205000
PEL. TELUK LAMONG (TTL),SBY-07,TTL - TAMBAK LANGON 22,TBL,Semi,185000
PEL. TELUK LAMONG (TTL),SBY-07,TTL - TAMBAK LANGON 22,TBL,LD,205000
PEL. TELUK LAMONG (TTL),SBY-07,TTL - TAMBAK LANGON 28,TBL,Semi,185000
PEL. TELUK LAMONG (TTL),SBY-07,TTL - TAMBAK LANGON 28,TBL,LD,205000
PEL. TELUK LAMONG (TTL),SBY-07,TTL - TULUS (SUGONDO),DSG,Semi,185000
PEL. TELUK LAMONG (TTL),SBY-07,TTL - TULUS (SUGONDO),DSG,LD,210000
PEL. TELUK LAMONG (TTL),SBY-07,TTL - WIRIFA NGORO,WNM,Semi,585000
PEL. TELUK LAMONG (TTL),SBY-07,TTL - WIRIFA NGORO,WNM,LD,650000
PEL. TELUK LAMONG (TTL),SBY-07,TTL - WONOKOYO,WKY,Semi,565000
PEL. TELUK LAMONG (TTL),SBY-07,TTL - WONOKOYO,WKY,LD,630000
GD. ROMO,SBY-64,ROMO - BERSIH BIJAK (GEMPOL),BBB,Semi,502000
GD. ROMO,SBY-64,ROMO - BERSIH BIJAK (GEMPOL),BBB,LD,556000
GD. ROMO,SBY-64,ROMO - BLITAR,BLT,Semi,1337000
GD. ROMO,SBY-64,ROMO - BLITAR,BLT,LD,1412000
GD. ROMO,SBY-64,ROMO - CARGILL BEJI,CGB,Semi,502000
GD. ROMO,SBY-64,ROMO - CARGILL BEJI,CGB,LD,556000
GD. ROMO,SBY-64,ROMO - CARGILL PIER KRATON,CGK,Semi,592000
GD. ROMO,SBY-64,ROMO - CARGILL PIER KRATON,CGK,LD,647000
GD. ROMO,SBY-64,ROMO - CASALAND,CSL,Semi,421000
GD. ROMO,SBY-64,ROMO - CASALAND,CSL,LD,476000
GD. ROMO,SBY-64,ROMO - CJI JOMBANG,CJJ,Semi,637000
GD. ROMO,SBY-64,ROMO - CJI JOMBANG,CJJ,LD,682000
GD. ROMO,SBY-64,ROMO - CPI KRIAN,CIK,Semi,404000
GD. ROMO,SBY-64,ROMO - CPI KRIAN,CIK,LD,459000
GD. ROMO,SBY-64,ROMO - CPI SPJ,CIS,Semi,358000
GD. ROMO,SBY-64,ROMO - CPI SPJ,CIS,LD,413000
GD. ROMO,SBY-64,ROMO - CPP DUPAK,CPD,Semi,310000
GD. ROMO,SBY-64,ROMO - CPP DUPAK,CPD,LD,350000
GD. ROMO,SBY-64,ROMO - CPP SPJ,CPS,Semi,358000
GD. ROMO,SBY-64,ROMO - CPP SPJ,CPS,LD,413000
GD. ROMO,SBY-64,ROMO - DARMOSUGONDO,DSG,Semi,145000
GD. ROMO,SBY-64,ROMO - DARMOSUGONDO,DSG,LD,170000
GD. ROMO,SBY-64,ROMO - DMC PUNGGING,DMP,Semi,507000
GD. ROMO,SBY-64,ROMO - DMC PUNGGING,DMP,LD,561000
GD. ROMO,SBY-64,ROMO - GOLD COIN,GCM,Semi,176000
GD. ROMO,SBY-64,ROMO - GOLD COIN,GCM,LD,204000
GD. ROMO,SBY-64,ROMO - GEDANGAN,PPG,Semi,338000
GD. ROMO,SBY-64,ROMO - GEDANGAN,PPG,LD,397000
GD. ROMO,SBY-64,ROMO - HJ ILYAS (GEMPOL),HIG,Semi,502000
GD. ROMO,SBY-64,ROMO - HJ ILYAS (GEMPOL),HIG,LD,556000
GD. ROMO,SBY-64,ROMO - HAIDA KRATON,HKR,Semi,592000
GD. ROMO,SBY-64,ROMO - HAIDA KRATON,HKR,LD,647000
GD. ROMO,SBY-64,ROMO - S.INDOCHEM,SIK,Semi,421000
GD. ROMO,SBY-64,ROMO - S.INDOCHEM,SIK,LD,476000
GD. ROMO,SBY-64,ROMO - EAST HOPE NGORO,EHN,Semi,506000
GD. ROMO,SBY-64,ROMO - EAST HOPE NGORO,EHN,LD,560000
GD. ROMO,SBY-64,ROMO - JCI BUDURAN,JCB,Semi,404000
GD. ROMO,SBY-64,ROMO - JCI BUDURAN,JCB,LD,459000
GD. ROMO,SBY-64,ROMO - JCI GEDANGAN,JCG,Semi,404000
GD. ROMO,SBY-64,ROMO - JCI GEDANGAN,JCG,LD,459000
GD. ROMO,SBY-64,ROMO - MALINDO,MWA,Semi,441000
GD. ROMO,SBY-64,ROMO - MALINDO,MWA,LD,496000
GD. ROMO,SBY-64,ROMO - MARGO 20,MGM,Semi,156000
GD. ROMO,SBY-64,ROMO - MARGO 20,MGM,LD,184000
GD. ROMO,SBY-64,ROMO - MARGO 61,MGM,Semi,156000
GD. ROMO,SBY-64,ROMO - MARGO 61,MGM,LD,184000
GD. ROMO,SBY-64,ROMO - MARGO INDAH,MGM,Semi,156000
GD. ROMO,SBY-64,ROMO - MARGO INDAH,MGM,LD,184000
GD. ROMO,SBY-64,ROMO - KIG,KGG,Semi,300000
GD. ROMO,SBY-64,ROMO - KIG,KGG,LD,360000
GD. ROMO,SBY-64,ROMO - MPJS JOMBANG,MPJ,Semi,852000
GD. ROMO,SBY-64,ROMO - MPJS JOMBANG,MPJ,LD,897000
GD. ROMO,SBY-64,ROMO - MS GEMPOL,MSG,Semi,502000
GD. ROMO,SBY-64,ROMO - MS GEMPOL,MSG,LD,556000
GD. ROMO,SBY-64,ROMO - MS MARGO,MMM,Semi,156000
GD. ROMO,SBY-64,ROMO - MS MARGO,MMM,LD,184000
GD. ROMO,SBY-64,ROMO - MURTI,MUR,Semi,110000
GD. ROMO,SBY-64,ROMO - MURTI,MUR,LD,117000
GD. ROMO,SBY-64,ROMO - NEW HOPE KLETEK,NHK,Semi,358000
GD. ROMO,SBY-64,ROMO - NEW HOPE KLETEK,NHK,LD,413000
GD. ROMO,SBY-64,ROMO - NEW HOPE MOJOSARI,NHM,Semi,506000
GD. ROMO,SBY-64,ROMO - NEW HOPE MOJOSARI,NHM,LD,560000
GD. ROMO,SBY-64,ROMO - PAKINDO,PKJ,Semi,358000
GD. ROMO,SBY-64,ROMO - PAKINDO,PKJ,LD,413000
GD. ROMO,SBY-64,ROMO - PANDAAN,PPD,Semi,502000
GD. ROMO,SBY-64,ROMO - PANDAAN,PPD,LD,556000
GD. ROMO,SBY-64,ROMO - SEGER,SGR,Semi,441000
GD. ROMO,SBY-64,ROMO - SEGER,SGR,LD,496000
GD. ROMO,SBY-64,ROMO - SIANTAR TOP,STT,Semi,389000
GD. ROMO,SBY-64,ROMO - SIANTAR TOP,STT,LD,444000
GD. ROMO,SBY-64,ROMO - SREEYA,SRW,Semi,421000
GD. ROMO,SBY-64,ROMO - SREEYA,SRW,LD,476000
GD. ROMO,SBY-64,ROMO - SPC,SPT,Semi,404000
GD. ROMO,SBY-64,ROMO - SPC,SPT,LD,459000
GD. ROMO,SBY-64,ROMO - SURI TANI MANYAR,STM,Semi,261000
GD. ROMO,SBY-64,ROMO - SURI TANI MANYAR,STM,LD,320000
GD. ROMO,SBY-64,ROMO - SURYA GRAIN,SGK,Semi,404000
GD. ROMO,SBY-64,ROMO - SURYA GRAIN,SGK,LD,459000
GD. ROMO,SBY-64,ROMO - TAMBAK SAWAH,TSW,Semi,389000
GD. ROMO,SBY-64,ROMO - TAMBAK SAWAH,TSW,LD,444000
GD. ROMO,SBY-64,ROMO - TAMBAK LANGON 16,TBL,Semi,145000
GD. ROMO,SBY-64,ROMO - TAMBAK LANGON 16,TBL,LD,170000
GD. ROMO,SBY-64,ROMO - TAMBAK LANGON 22,TBL,Semi,145000
GD. ROMO,SBY-64,ROMO - TAMBAK LANGON 22,TBL,LD,170000
GD. ROMO,SBY-64,ROMO - TAMBAK LANGON 28,TBL,Semi,145000
GD. ROMO,SBY-64,ROMO - TAMBAK LANGON 28,TBL,LD,170000
GD. ROMO,SBY-64,ROMO - WARUGUNUNG,SWG,Semi,338000
GD. ROMO,SBY-64,ROMO - WARUGUNUNG,SWG,LD,397000
GD. ROMO,SBY-64,ROMO - WIRIFA NGORO,WNM,Semi,506000
GD. ROMO,SBY-64,ROMO - WIRIFA NGORO,WNM,LD,560000
GD. ROMO,SBY-64,ROMO - WONOKOYO,WKY,Semi,502000
GD. ROMO,SBY-64,ROMO - WONOKOYO,WKY,LD,556000
GD. MARGOMULYO 20,SBY-56,MARGO 20 - CARGILL BEJI,CGB,Semi,423000
GD. MARGOMULYO 20,SBY-56,MARGO 20 - CARGILL BEJI,CGB,LD,477000
GD. MARGOMULYO 20,SBY-56,MARGO 20 - CARGILL PIER KRATON,CGK,Semi,513000
GD. MARGOMULYO 20,SBY-56,MARGO 20 - CARGILL PIER KRATON,CGK,LD,568000
GD. MARGOMULYO 20,SBY-56,MARGO 20 - CJI JOMBANG,CJJ,Semi,558000
GD. MARGOMULYO 20,SBY-56,MARGO 20 - CJI JOMBANG,CJJ,LD,603000
GD. MARGOMULYO 20,SBY-56,MARGO 20 - CPP DUPAK,CPD,Semi,159000
GD. MARGOMULYO 20,SBY-56,MARGO 20 - CPP DUPAK,CPD,LD,187000
GD. MARGOMULYO 20,SBY-56,MARGO 20 - CPP SPJ,CPS,Semi,279000
GD. MARGOMULYO 20,SBY-56,MARGO 20 - CPP SPJ,CPS,LD,334000
GD. MARGOMULYO 20,SBY-56,MARGO 20 - DMC PUNGGING,DMP,Semi,428000
GD. MARGOMULYO 20,SBY-56,MARGO 20 - DMC PUNGGING,DMP,LD,482000
GD. MARGOMULYO 20,SBY-56,MARGO 20 - EAST HOPE NGORO,EHN,Semi,427000
GD. MARGOMULYO 20,SBY-56,MARGO 20 - EAST HOPE NGORO,EHN,LD,481000
GD. MARGOMULYO 20,SBY-56,MARGO 20 - GEDANGAN,PPG,Semi,259000
GD. MARGOMULYO 20,SBY-56,MARGO 20 - GEDANGAN,PPG,LD,318000
GD. MARGOMULYO 20,SBY-56,MARGO 20 - HAIDA KRATON,HKR,Semi,513000
GD. MARGOMULYO 20,SBY-56,MARGO 20 - HAIDA KRATON,HKR,LD,568000
GD. MARGOMULYO 20,SBY-56,MARGO 20 - MALINDO,MWA,Semi,362000
GD. MARGOMULYO 20,SBY-56,MARGO 20 - MALINDO,MWA,LD,417000
GD. MARGOMULYO 20,SBY-56,MARGO 20 - MARGO 61,MGM,Semi,150000
GD. MARGOMULYO 20,SBY-56,MARGO 20 - MARGO 61,MGM,LD,175000
GD. MARGOMULYO 20,SBY-56,MARGO 20 - MARGO INDAH,MGM,Semi,150000
GD. MARGOMULYO 20,SBY-56,MARGO 20 - MARGO INDAH,MGM,LD,175000
GD. MARGOMULYO 20,SBY-56,MARGO 20 - MARGO INDAH *(KHUSUS),MMI,Semi,115000
GD. MARGOMULYO 20,SBY-56,MARGO 20 - MARGO INDAH *(KHUSUS),MMI,LD,125000
GD. MARGOMULYO 20,SBY-56,MARGO 20 - MPJS JOMBANG,MPJ,Semi,773000
GD. MARGOMULYO 20,SBY-56,MARGO 20 - MPJS JOMBANG,MPJ,LD,818000
GD. MARGOMULYO 20,SBY-56,MARGO 20 - MS GEMPOL,MSG,Semi,423000
GD. MARGOMULYO 20,SBY-56,MARGO 20 - MS GEMPOL,MSG,LD,477000
GD. MARGOMULYO 20,SBY-56,MARGO 20 - MS MARGO,MGM,Semi,150000
GD. MARGOMULYO 20,SBY-56,MARGO 20 - MS MARGO,MGM,LD,175000
GD. MARGOMULYO 20,SBY-56,MARGO 20 - NEW HOPE KLETEK,NHK,Semi,279000
GD. MARGOMULYO 20,SBY-56,MARGO 20 - NEW HOPE KLETEK,NHK,LD,334000
GD. MARGOMULYO 20,SBY-56,MARGO 20 - NEW HOPE MOJOSARI,NHM,Semi,427000
GD. MARGOMULYO 20,SBY-56,MARGO 20 - NEW HOPE MOJOSARI,NHM,LD,481000
GD. MARGOMULYO 20,SBY-56,MARGO 20 - PAKINDO,PKJ,Semi,279000
GD. MARGOMULYO 20,SBY-56,MARGO 20 - PAKINDO,PKJ,LD,334000
GD. MARGOMULYO 20,SBY-56,MARGO 20 - PANDAAN,PPD,Semi,423000
GD. MARGOMULYO 20,SBY-56,MARGO 20 - PANDAAN,PPD,LD,477000
GD. MARGOMULYO 20,SBY-56,MARGO 20 - SREEYA,SRW,Semi,342000
GD. MARGOMULYO 20,SBY-56,MARGO 20 - SREEYA,SRW,LD,397000
GD. MARGOMULYO 20,SBY-56,MARGO 20 - WIRIFA NGORO,WNM,Semi,427000
GD. MARGOMULYO 20,SBY-56,MARGO 20 - WIRIFA NGORO,WNM,LD,481000
GD. MARGOMULYO 20,SBY-56,MARGO 20 - WONOKOYO,WKY,Semi,423000
GD. MARGOMULYO 20,SBY-56,MARGO 20 - WONOKOYO,WKY,LD,477000
GD. MARGOMULYO 61,SBY-57,MARGO 61 - CPI KRIAN,CIK,Semi,325000
GD. MARGOMULYO 61,SBY-57,MARGO 61 - CPI KRIAN,CIK,LD,380000
GD. MARGOMULYO 61,SBY-57,MARGO 61 - CPI SPJ,CIS,Semi,279000
GD. MARGOMULYO 61,SBY-57,MARGO 61 - CPI SPJ,CIS,LD,334000
GD. MARGOMULYO 61,SBY-57,MARGO 61 - JCI BUDURAN,JCB,Semi,325000
GD. MARGOMULYO 61,SBY-57,MARGO 61 - JCI BUDURAN,JCB,LD,380000
GD. MARGOMULYO 61,SBY-57,MARGO 61 - MARGO INDAH,MGM,Semi,115000
GD. MARGOMULYO 61,SBY-57,MARGO 61 - MARGO INDAH,MGM,LD,125000
GD. MARGOMULYO 61,SBY-57,MARGO 61 - MPJS JOMBANG,MPJ,Semi,773000
GD. MARGOMULYO 61,SBY-57,MARGO 61 - MPJS JOMBANG,MPJ,LD,818000
BOGASARI (TJ.PERAK),SBY-57,BOGASARI - CPI KRIAN,CIK,Semi,352000
BOGASARI (TJ.PERAK),SBY-57,BOGASARI - CPI KRIAN,CIK,LD,407000
BOGASARI (TJ.PERAK),SBY-57,BOGASARI - CPI SPJ,CIS,Semi,306000
BOGASARI (TJ.PERAK),SBY-57,BOGASARI - CPI SPJ,CIS,LD,361000
BOGASARI (TJ.PERAK),SBY-57,BOGASARI - CPP SPJ,CPS,Semi,306000
BOGASARI (TJ.PERAK),SBY-57,BOGASARI - CPP SPJ,CPS,LD,361000
BUDURAN (JCI),SBY-58,BUDURAN - CPP SPJ,CPS,Semi,330000
BUDURAN (JCI),SBY-58,BUDURAN - CPP SPJ,CPS,LD,385000
BUDURAN (JCI),SBY-58,BUDURAN - S.INDOCHEM,SIK,Semi,400000
BUDURAN (JCI),SBY-58,BUDURAN - S.INDOCHEM,SIK,LD,455000
BUDURAN (JCI),SBY-58,BUDURAN - MPJS JOMBANG,MPJ,Semi,645000
BUDURAN (JCI),SBY-58,BUDURAN - MPJS JOMBANG,MPJ,LD,690000
PEL. KALIMAS (TJ.PERAK),SBY-13,KALIMAS - BRONDONG(LAMONGAN),BDL,Semi,770000
PEL. KALIMAS (TJ.PERAK),SBY-13,KALIMAS - BRONDONG(LAMONGAN),BDL,LD,815000
PEL. KALIMAS (TJ.PERAK),SBY-13,KALIMAS - CPI KRIAN,CIK,Semi,322000
PEL. KALIMAS (TJ.PERAK),SBY-13,KALIMAS - CPI KRIAN,CIK,LD,377000
PEL. KALIMAS (TJ.PERAK),SBY-13,KALIMAS - CPI SPJ,CIS,Semi,276000
PEL. KALIMAS (TJ.PERAK),SBY-13,KALIMAS - CPI SPJ,CIS,LD,331000
PEL. KALIMAS (TJ.PERAK),SBY-13,KALIMAS - DMC PUNGGING,DMP,Semi,425000
PEL. KALIMAS (TJ.PERAK),SBY-13,KALIMAS - DMC PUNGGING,DMP,LD,479000
PEL. KALIMAS (TJ.PERAK),SBY-13,KALIMAS - GOLD COIN,GCM,Semi,176000
PEL. KALIMAS (TJ.PERAK),SBY-13,KALIMAS - GOLD COIN,GCM,LD,204000
PEL. KALIMAS (TJ.PERAK),SBY-13,KALIMAS - GEDANGAN,PPG,Semi,256000
PEL. KALIMAS (TJ.PERAK),SBY-13,KALIMAS - GEDANGAN,PPG,LD,315000
PEL. KALIMAS (TJ.PERAK),SBY-13,KALIMAS - S.INDOCHEM,SIK,Semi,339000
PEL. KALIMAS (TJ.PERAK),SBY-13,KALIMAS - S.INDOCHEM,SIK,LD,394000
PEL. KALIMAS (TJ.PERAK),SBY-13,KALIMAS - JCI GEDANGAN,JCG,Semi,322000
PEL. KALIMAS (TJ.PERAK),SBY-13,KALIMAS - JCI GEDANGAN,JCG,LD,377000
PEL. KALIMAS (TJ.PERAK),SBY-13,KALIMAS - JCI BUDURAN,JCB,Semi,322000
PEL. KALIMAS (TJ.PERAK),SBY-13,KALIMAS - JCI BUDURAN,JCB,LD,377000
PEL. KALIMAS (TJ.PERAK),SBY-13,KALIMAS - HAIDA KRATON,HKR,Semi,510000
PEL. KALIMAS (TJ.PERAK),SBY-13,KALIMAS - HAIDA KRATON,HKR,LD,565000
PEL. KALIMAS (TJ.PERAK),SBY-13,KALIMAS - CARGILL PIER KRATON,CGK,Semi,510000
PEL. KALIMAS (TJ.PERAK),SBY-13,KALIMAS - CARGILL PIER KRATON,CGK,LD,565000
PEL. KALIMAS (TJ.PERAK),SBY-13,KALIMAS - MPJS JOMBANG,MPJ,Semi,770000
PEL. KALIMAS (TJ.PERAK),SBY-13,KALIMAS - MPJS JOMBANG,MPJ,LD,815000
PEL. KALIMAS (TJ.PERAK),SBY-13,KALIMAS - NEW HOPE MOJOSARI,NHM,Semi,424000
PEL. KALIMAS (TJ.PERAK),SBY-13,KALIMAS - NEW HOPE MOJOSARI,NHM,LD,478000
PEL. KALIMAS (TJ.PERAK),SBY-13,KALIMAS - NEW HOPE KLETEK,NHK,Semi,276000
PEL. KALIMAS (TJ.PERAK),SBY-13,KALIMAS - NEW HOPE KLETEK,NHK,LD,331000
PEL. KALIMAS (TJ.PERAK),SBY-13,KALIMAS - PANDAAN,PPD,Semi,420000
PEL. KALIMAS (TJ.PERAK),SBY-13,KALIMAS - PANDAAN,PPD,LD,474000
PEL. KALIMAS (TJ.PERAK),SBY-13,KALIMAS - GD. ROMO,MRM,Semi,258000
PEL. KALIMAS (TJ.PERAK),SBY-13,KALIMAS - GD. ROMO,MRM,LD,317000
PEL. KALIMAS (TJ.PERAK),SBY-13,KALIMAS - SPC,SPT,Semi,322000
PEL. KALIMAS (TJ.PERAK),SBY-13,KALIMAS - SPC,SPT,LD,377000
PEL. KALIMAS (TJ.PERAK),SBY-13,KALIMAS - SREEYA,SRW,Semi,339000
PEL. KALIMAS (TJ.PERAK),SBY-13,KALIMAS - SREEYA,SRW,LD,394000
PEL. KALIMAS (TJ.PERAK),SBY-13,KALIMAS - SIANTAR TOP,STT,Semi,307000
PEL. KALIMAS (TJ.PERAK),SBY-13,KALIMAS - SIANTAR TOP,STT,LD,362000
PEL. KALIMAS (TJ.PERAK),SBY-13,KALIMAS - TAMBAK SAWAH,TSW,Semi,307000
PEL. KALIMAS (TJ.PERAK),SBY-13,KALIMAS - TAMBAK SAWAH,TSW,LD,362000
PEL. KALIMAS (TJ.PERAK),SBY-13,KALIMAS - WARUGUNUNG,SWG,Semi,256000
PEL. KALIMAS (TJ.PERAK),SBY-13,KALIMAS - WARUGUNUNG,SWG,LD,315000
PEL. KALIMAS (TJ.PERAK),SBY-13,KALIMAS - WIRIFA NGORO,WNM,Semi,424000
PEL. KALIMAS (TJ.PERAK),SBY-13,KALIMAS - WIRIFA NGORO,WNM,LD,478000
PEL. KALIMAS (TJ.PERAK),SBY-13,KALIMAS - WONOKOYO,WKY,Semi,420000
PEL. KALIMAS (TJ.PERAK),SBY-13,KALIMAS - WONOKOYO,WKY,LD,474000
KIG MANYAR (GRESIK),SBY-44,KIG - CPI KRIAN,CIK,Semi,589000
KIG MANYAR (GRESIK),SBY-44,KIG - CPI KRIAN,CIK,LD,644000
KIG MANYAR (GRESIK),SBY-44,KIG - CPI SPJ,CIS,Semi,543000
KIG MANYAR (GRESIK),SBY-44,KIG - CPI SPJ,CIS,LD,598000
KIG MANYAR (GRESIK),SBY-44,KIG - CPP SPJ,CPS,Semi,543000
KIG MANYAR (GRESIK),SBY-44,KIG - CPP SPJ,CPS,LD,598000
KIG MANYAR (GRESIK),SBY-44,KIG - S.INDOCHEM,SIK,Semi,606000
KIG MANYAR (GRESIK),SBY-44,KIG - S.INDOCHEM,SIK,LD,661000
KIG MANYAR (GRESIK),SBY-44,KIG - JCI GEDANGAN,JCG,Semi,589000
KIG MANYAR (GRESIK),SBY-44,KIG - JCI GEDANGAN,JCG,LD,644000
KIG MANYAR (GRESIK),SBY-44,KIG - JCI MARGO,JCM,Semi,315000
KIG MANYAR (GRESIK),SBY-44,KIG - JCI MARGO,JCM,LD,375000
KIG MANYAR (GRESIK),SBY-44,KIG - MALINDO,MWA,Semi,626000
KIG MANYAR (GRESIK),SBY-44,KIG - MALINDO,MWA,LD,681000
KIG MANYAR (GRESIK),SBY-44,KIG - MARGO 20,MGM,Semi,315000
KIG MANYAR (GRESIK),SBY-44,KIG - MARGO 20,MGM,LD,375000
KIG MANYAR (GRESIK),SBY-44,KIG - MPJS JOMBANG,MPJ,Semi,1037000
KIG MANYAR (GRESIK),SBY-44,KIG - MPJS JOMBANG,MPJ,LD,1082000
KIG MANYAR (GRESIK),SBY-44,KIG - GD. ROMO,RMK,Semi,261000
KIG MANYAR (GRESIK),SBY-44,KIG - GD. ROMO,RMK,LD,320000
KIG MANYAR (GRESIK),SBY-44,KIG - SANTOS KLETEK,SAN,Semi,543000
KIG MANYAR (GRESIK),SBY-44,KIG - SANTOS KLETEK,SAN,LD,598000
KIG MANYAR (GRESIK),SBY-44,KIG - SPC,SPT,Semi,589000
KIG MANYAR (GRESIK),SBY-44,KIG - SPC,SPT,LD,644000
KIG MANYAR (GRESIK),SBY-44,KIG - TAMBAK LANGON 16,TBL,Semi,300000
KIG MANYAR (GRESIK),SBY-44,KIG - TAMBAK LANGON 16,TBL,LD,360000
KIG MANYAR (GRESIK),SBY-44,KIG - WIRIFA NGORO,WNM,Semi,691000
KIG MANYAR (GRESIK),SBY-44,KIG - WIRIFA NGORO,WNM,LD,735000
KIG MANYAR (GRESIK),SBY-44,KIG - WONOKOYO,WKY,Semi,687000
KIG MANYAR (GRESIK),SBY-44,KIG - WONOKOYO,WKY,LD,741000
MURTI (GRESIK),SBY-23,MURTI - CARGILL PIER KRATON,CGK,Semi,592000
MURTI (GRESIK),SBY-23,MURTI - CARGILL PIER KRATON,CGK,LD,647000
MURTI (GRESIK),SBY-23,MURTI - HAIDA KRATON,HKR,Semi,592000
MURTI (GRESIK),SBY-23,MURTI - HAIDA KRATON,HKR,LD,647000
MURTI (GRESIK),SBY-23,MURTI - S.INDOCHEM,SIK,Semi,421000
MURTI (GRESIK),SBY-23,MURTI - S.INDOCHEM,SIK,LD,476000
MURTI (GRESIK),SBY-23,MURTI - MPJS JOMBANG,MPJ,Semi,852000
MURTI (GRESIK),SBY-23,MURTI - MPJS JOMBANG,MPJ,LD,897000
MURTI (GRESIK),SBY-23,MURTI - NEW HOPE MOJOSARI,NHM,Semi,506000
MURTI (GRESIK),SBY-23,MURTI - NEW HOPE MOJOSARI,NHM,LD,560000
MURTI (GRESIK),SBY-23,MURTI - NEW HOPE KLETEK,NHK,Semi,358000
MURTI (GRESIK),SBY-23,MURTI - NEW HOPE KLETEK,NHK,LD,413000
MURTI (GRESIK),SBY-23,MURTI - SANTOS KLETEK,SAN,Semi,358000
MURTI (GRESIK),SBY-23,MURTI - SANTOS KLETEK,SAN,LD,413000
MURTI (GRESIK),SBY-23,MURTI - SREEYA,SRW,Semi,421000
MURTI (GRESIK),SBY-23,MURTI - SREEYA,SRW,LD,476000
MURTI (GRESIK),SBY-23,MURTI - SURI TANI MANYAR,STM,Semi,261000
MURTI (GRESIK),SBY-23,MURTI - SURI TANI MANYAR,STM,LD,320000
PEL. RAKYAT/JASATAMA (GRESIK),SBY-40,P.GRESIK - CPI KRIAN,CIK,Semi,589000
PEL. RAKYAT/JASATAMA (GRESIK),SBY-40,P.GRESIK - CPI KRIAN,CIK,LD,644000
PEL. RAKYAT/JASATAMA (GRESIK),SBY-40,P.GRESIK - CPI SPJ,CIS,Semi,543000
PEL. RAKYAT/JASATAMA (GRESIK),SBY-40,P.GRESIK - CPI SPJ,CIS,LD,598000
PEL. RAKYAT/JASATAMA (GRESIK),SBY-40,P.GRESIK - DMC PUNGGING,DMP,Semi,692000
PEL. RAKYAT/JASATAMA (GRESIK),SBY-40,P.GRESIK - DMC PUNGGING,DMP,LD,746000
PEL. RAKYAT/JASATAMA (GRESIK),SBY-40,P.GRESIK - GD. ROMO,MRM,Semi,261000
PEL. RAKYAT/JASATAMA (GRESIK),SBY-40,P.GRESIK - GD. ROMO,MRM,LD,320000
PEL. RAKYAT/JASATAMA (GRESIK),SBY-40,P.GRESIK - TAMBAK SAWAH,TSW,Semi,574000
PEL. RAKYAT/JASATAMA (GRESIK),SBY-40,P.GRESIK - TAMBAK SAWAH,TSW,LD,629000
PEL. RAKYAT/JASATAMA (GRESIK),SBY-40,P.GRESIK - WARUGUNUNG,SWG,Semi,523000
PEL. RAKYAT/JASATAMA (GRESIK),SBY-40,P.GRESIK - WARUGUNUNG,SWG,LD,582000
TAMBAK LANGON 22,SBY-59,TL.22 - GOLD COIN,GCM,Semi,145000
TAMBAK LANGON 22,SBY-59,TL.22 - GOLD COIN,GCM,LD,170000
TAMBAK LANGON 22,SBY-59,TL.22 - HAIDA KRATON,KRI,Semi,513000
TAMBAK LANGON 22,SBY-59,TL.22 - HAIDA KRATON,KRI,LD,568000
TAMBAK LANGON 22,SBY-59,TL.22 - NEW HOPE KLETEK,NHK,Semi,279000
TAMBAK LANGON 22,SBY-59,TL.22 - NEW HOPE KLETEK,NHK,LD,334000
TAMBAK LANGON 22,SBY-59,TL.22 - EAST HOPE NGORO,EHN,Semi,427000
TAMBAK LANGON 22,SBY-59,TL.22 - EAST HOPE NGORO,EHN,LD,481000
TAMBAK LANGON 22,SBY-59,TL.22 - PAKINDO,PKJ,Semi,279000
TAMBAK LANGON 22,SBY-59,TL.22 - PAKINDO,PKJ,LD,334000
TAMBAK LANGON 22,SBY-59,TL.22 - GD. ROMO,RMK,Semi,145000
TAMBAK LANGON 22,SBY-59,TL.22 - GD. ROMO,RMK,LD,170000
TAMBAK LANGON 22,SBY-59,TL.22 - SEGER,SGR,Semi,362000
TAMBAK LANGON 22,SBY-59,TL.22 - SEGER,SGR,LD,417000
TAMBAK LANGON 22,SBY-59,TL.22 - SURI TANI MANYAR,STM,Semi,261000
TAMBAK LANGON 22,SBY-59,TL.22 - SURI TANI MANYAR,STM,LD,320000
TAMBAK LANGON 22,SBY-59,TL.22 - SURYA GRAIN,SGK,Semi,325000
TAMBAK LANGON 22,SBY-59,TL.22 - SURYA GRAIN,SGK,LD,380000
TAMBAK LANGON 28,SBY-60,TL.28 - GEDANGAN,PPG,Semi,259000
TAMBAK LANGON 28,SBY-60,TL.28 - GEDANGAN,PPG,LD,318000
TAMBAK LANGON 28,SBY-60,TL.28 - WONOKOYO,WKY,Semi,423000
TAMBAK LANGON 28,SBY-60,TL.28 - WONOKOYO,WKY,LD,477000
PEL. KALIMIRING (GRESIK),SBY-42,XMIRING - MURTI,MUR,Semi,261000
PEL. KALIMIRING (GRESIK),SBY-42,XMIRING - MURTI,MUR,LD,320000
PEL. KALIMIRING (GRESIK),SBY-42,XMIRING - GD. ROMO,RMK,Semi,261000
PEL. KALIMIRING (GRESIK),SBY-42,XMIRING - GD. ROMO,RMK,LD,320000
DARMOSUGONDO (GRESIK),SBY-30,SUGONDO - JCI GEDANGAN,JCG,Semi,404000
DARMOSUGONDO (GRESIK),SBY-30,SUGONDO - JCI GEDANGAN,JCG,LD,459000
DARMOSUGONDO (GRESIK),SBY-30,SUGONDO - JCI BUDURAN,JCB,Semi,404000
DARMOSUGONDO (GRESIK),SBY-30,SUGONDO - JCI BUDURAN,JCB,LD,459000
GD. SUBUR (TROSOBO),SBY-61,GD. SUBUR - PARE KEDIRI,PPM,Semi,812000
GD. SUBUR (TROSOBO),SBY-61,GD. SUBUR - PARE KEDIRI,PPM,LD,912000
PEL. KIAS (GRESIK),SBY-33,KIAS - FUGUI FLOUR,FUG,Semi,77000
PEL. KIAS (GRESIK),SBY-33,KIAS - FUGUI FLOUR,FUG,LD,80000
PEL. KIAS (GRESIK),SBY-33,KIAS - HARUM ALAM SEGAR,HAS,Semi,77000
PEL. KIAS (GRESIK),SBY-33,KIAS - HARUM ALAM SEGAR,HAS,LD,80000
MARGO PERMAI,SBY-62,MARGO PERMAI - PEL. JAMRUD,JMD,Semi,176000
MARGO PERMAI,SBY-62,MARGO PERMAI - PEL. JAMRUD,JMD,LD,204000
TAMBAK LANGON 28,SBY-60,TAMBAK LANGON 28 - PEL. JAMRUD,JMD,Semi,156000
TAMBAK LANGON 28,SBY-60,TAMBAK LANGON 28 - PEL. JAMRUD,JMD,LD,184000
CASALAND,SBY-15,CASALAND - CPI KRIAN (START GARASI),CIK,Semi,239000
CASALAND,SBY-15,CASALAND - CPI KRIAN (START GARASI),CIK,LD,287000
CASALAND,SBY-15,CASALAND - CPI KRIAN (RIT BERIKUT),CIK,Semi,140000
CASALAND,SBY-15,CASALAND - CPI KRIAN (RIT BERIKUT),CIK,LD,150000
CASALAND,SBY-15,CASALAND - CPI SPJ (START GARASI),CIS,Semi,239000
CASALAND,SBY-15,CASALAND - CPI SPJ (START GARASI),CIS,LD,287000
CASALAND,SBY-15,CASALAND - CPI SPJ (RIT BERIKUT),CIS,Semi,140000
CASALAND,SBY-15,CASALAND - CPI SPJ (RIT BERIKUT),CIS,LD,150000
CPI KRIAN,SBY-18,CPI KRIAN - CPI SPJ (START GARASI),CIS,Semi,239000
CPI KRIAN,SBY-18,CPI KRIAN - CPI SPJ (START GARASI),CIS,LD,287000
CPI KRIAN,SBY-18,CPI KRIAN - CPI SPJ (RIT BERIKUT),CIS,Semi,140000
CPI KRIAN,SBY-18,CPI KRIAN - CPI SPJ (RIT BERIKUT),CIS,LD,150000
CPI SPJ,SBY-19,CPI SPJ - CPI KRIAN (START GARASI),CIK,Semi,239000
CPI SPJ,SBY-19,CPI SPJ - CPI KRIAN (START GARASI),CIK,LD,287000
CPI SPJ,SBY-19,CPI SPJ - CPI KRIAN (RIT BERIKUT),CIK,Semi,140000
CPI SPJ,SBY-19,CPI SPJ - CPI KRIAN (RIT BERIKUT),CIK,LD,150000
CPI SPJ,SBY-19,CPI SPJ - CPP SPJ (START GARASI),CPS,Semi,229000
CPI SPJ,SBY-19,CPI SPJ - CPP SPJ (START GARASI),CPS,LD,277000
CPI SPJ,SBY-19,CPI SPJ - CPP SPJ (RIT BERIKUT),CPS,Semi,130000
CPI SPJ,SBY-19,CPI SPJ - CPP SPJ (RIT BERIKUT),CPS,LD,140000
CPP SPJ,SBY-14,CPP SPJ - CASALAND (START GARASI),CSL,Semi,329000
CPP SPJ,SBY-14,CPP SPJ - CASALAND (START GARASI),CSL,LD,387000
CPP SPJ,SBY-14,CPP SPJ - CASALAND (RIT BERIKUT),CSL,Semi,239000
CPP SPJ,SBY-14,CPP SPJ - CASALAND (RIT BERIKUT),CSL,LD,287000
TELUK LAMONG,SBY-07,KEDIRI,PPM,LD,1350000
KRIAN,SBY-43,BLITAR,BLT,LD,1755000
KRIAN,SBY-43,KEDIRI (PARE),PPM,LD,1055000
KRIAN,SBY-43,MOJOSARI,MJS,LD,470000
KRIAN,SBY-43,SEGER,SGR,LD,534000
KRIAN,SBY-43,TUMPANG (MALANG),MLG,LD,1435000
SORINI,SBY-53,BLITAR,BLT,LD,1755000
SORINI,SBY-53,GEDANGAN,BAG,LD,675000
SORINI,SBY-53,GROBOKAN (SEMARANG),SMG,LD,2580000
SORINI,SBY-53,LAWANG,LWG,LD,880000
SORINI,SBY-53,WIRIFA NGORO,WNM,LD,675000
